:020000040800F2
:100000009861002031030008F32600089D1D0008B8
:10001000F1260008890D0008394C00080000000096
:10002000000000000000000000000000790200084D
:100030002D11000800000000CD0200083138000832
:100040004B0300084B0300084B0300084B03000858
:100050004B0300084B0300084B0300084B03000848
:100060004B0300084B0300084B0300084B03000838
:100070004B0300084B0300084B0300084B03000828
:100080004B0300084B0300084B0300084B03000818
:10009000590F00084B0300084B0300084B030008EE
:1000A0004B0300084B0300084B0300084B030008F8
:1000B000153C0008253C0008393C00084B030008AB
:1000C0004B0300084B0300084B0300084B030008D8
:1000D0004B030008B5460008B9470008ED49000881
:1000E0004B0300084B0300084B030008613C000869
:1000F000154000084B030008753C00084B0300083E
:100100004B0300084B0300084D3C00084B0300085C
:100110004B030008C54500084B0300084B030008CB
:100120004B0300084B0300084B0300084B03000877
:100130004B0300084B0300084B0300084B03000867
:100140004B0300084B0300084B0300084B03000857
:100150004B0300084B0300084B0300084B03000847
:100160004B0300084B0300084B0300084B03000837
:100170004B0300084B0300084B0300084B03000827
:100180004B0300084B03000800F002F800F064F88D
:100190000AA090E8000C82448344AAF10107DA45E2
:1001A00001D100F059F8AFF2090EBAE80F0013F0D0
:1001B000010F18BFFB1A43F001031847A4BA00004F
:1001C000C4BA00000A444FF0000C10F8013B13F0D1
:1001D000070408BF10F8014B1D1108BF10F8015BA0
:1001E000641E05D010F8016B641E01F8016BF9D193
:1001F00013F0080F1EBF10F8014BAD1C0C1B09D1EA
:100200006D1E58BF01F801CBFAD505E014F8016B5B
:1002100001F8016B6D1EF9D59142D6D370470000ED
:100220000023002400250026103A28BF78C1FBD8FF
:10023000520728BF30C148BF0B607047642900F0E7
:100240000381732900F03E82002070471FB50AF039
:1002500008F91FBD10B510BD00F0B0FA1146FFF748
:10026000F5FF06F069FC00F0CEFA03B4FFF7F2FFE9
:1002700003BC06F02DFA00002A4B19680868B0E8A4
:10028000F04F80F30988BFF36F8F4FF0000080F3C9
:10029000118870470000000006480068006880F37D
:1002A000088862B661B6BFF34F8FBFF36F8F00DF70
:1002B00000BF00BF08ED00E0DFF80C00016841F46A
:1002C00070010160704700BF88ED00E0EFF3098026
:1002D000BFF36F8F134B1A681EF0100F08BF20ED8D
:1002E000108A20E9F04F106008B44FF0500080F3FE
:1002F0001188BFF34F8FBFF36F8F08F033FC4FF0BF
:10030000000080F3118808BC19680868B0E8F04F55
:100310001EF0100F08BFB0EC108A80F30988BFF3FD
:100320006F8F7047D0000020EFF30580704700000A
:100330000948804709480047FEE7FEE7FEE7FEE779
:10034000FEE7FEE7FEE7FEE7FEE7FEE704480549B5
:10035000054A064B7047000045380008890100082F
:10036000985B002098610020985D0020985D002037
:10037000704700000FB4044910B503AA029800F0BA
:10038000A5F910BC5DF814FBBC0000202DE9F0417C
:100390000E460446002020622046E168884730B3BC
:1003A000252805D0D4E901219047206A401CF2E7B6
:1003B000E168204600278847050018D0A5F14100D4
:1003C000192802D820354FF40067324629462046C6
:1003D0002760FFF733FF40B1012804D0F61D26F057
:1003E00007060836D8E7361DD6E72846DAE7206A3A
:1003F000BDE8F08170B50C460546012A05D0287885
:10040000800600D5EA69002302E0012305E05B1CB9
:10041000934202D2E05C0028F9D1A869E618C01A1C
:10042000A861286A184428622846AFF3008004E0D7
:10043000D5E9012114F8010B9047B442F8D32846BE
:10044000AFF3008070BD00002DE9F04106460024A6
:1004500010687529314616A510D0AFF3008000282A
:1004600002DA404213A507E031688A0701D512A5D8
:1004700002E0490704D511A5012401E0AFF3008093
:1004800000210A2206F1240709E0B0FBF2FCB0FBD0
:10049000F2F302FB1C00303078541846491C002847
:1004A000F3D123462A463046BDE8F04100F086B835
:1004B000000000002D0000002B00000020000000C4
:1004C000032A40F2308010F0030C00F0158011F880
:1004D000013BBCF1020F624498BF11F801CB00F858
:1004E000013B38BF11F8013BA2F1040298BF00F8AC
:1004F00001CB38BF00F8013B11F0030300F0F88096
:10050000083AC0F0088051F8043B083A51F804CB8F
:10051000A0E80810F5E7121D5CBF51F8043B40F855
:10052000043BAFF30080D20724BF11F8013B11F860
:1005300001CB48BF11F8012B24BF00F8013B00F8A4
:1005400001CB48BF00F8012B704702F0FF0343EADC
:10055000032242EA024200F002B84FF000020429EE
:10056000C0F0128010F0030C00F0F680CCF1040C07
:10057000BCF1020F18BF00F8012BA8BF20F8022B16
:10058000A1EB0C0100F0E8B85FEAC17C24BF00F8E1
:10059000012B00F8012B48BF00F8012B7047704772
:1005A00070477047704710B500F0FCF8006810BD48
:1005B00010B5044600F0F6F8046010BD2DE9F047D0
:1005C0000D4699469246044600F1240801688806C3
:1005D00004D5E06921F01001216000E00120A8426B
:1005E00001DD471B00E00027A1697A1902EB090031
:1005F000081AA0612078C00602D42046AFF300801C
:10060000002608E0D4E901211AF806009047206A84
:10061000401C761C20624E45F4DB2078C0060AD5CB
:100620002046AFF3008006E0D4E901213020904756
:10063000206A401C2062381EA7F10107F4DC07E0A5
:10064000D4E9012118F805009047206A401C206277
:10065000281EA5F10105F3DC2046AFF300802078C9
:10066000000602D50220BDE8F0870120FBE700006C
:1006700001694A1C02610878704700B58FB0CDE966
:1006800001310021059105497944CDE90310114656
:100690006846FFF77BFE0FB000BD0000E5FFFFFFDF
:1006A00010B5436913B1AFF3008001E0FFF7A2FE7C
:1006B000012010BD127800F124010A7000224A7056
:1006C0000122EDE711684FF0FF32E9E7074B70B503
:1006D0000D467B44FFF7D1FF0446284600F066F83C
:1006E00010B14FF0FF3070BD204670BD0F640000A8
:1006F00010B5203AC0F00B80B1E81850203AA0E8BD
:100700001850B1E81850A0E81850BFF4F5AF5FEAF0
:10071000027C24BFB1E81850A0E8185044BF18C9A3
:1007200018C0BDE810405FEA827C24BF51F8043B4A
:1007300040F8043B08BF7047D20728BF31F8023B9E
:1007400048BF11F8012B28BF20F8023B48BF00F832
:10075000012B70474FF0000200B5134694469646B1
:10076000203922BFA0E80C50A0E80C50B1F12001C4
:10077000BFF4F7AF090728BFA0E80C5048BF0CC072
:100780005DF804EB890028BF40F8042B08BF7047D0
:1007900048BF20F8022B11F0804F18BF00F8012B42
:1007A0007047000000487047345B0020007B00F079
:1007B0008000704700487047345B00207546FFF7A3
:1007C000F9FFAE4605006946534620F0070085460E
:1007D00018B020B5FFF7BAFDBDE820404FF0000685
:1007E0004FF000074FF000084FF0000B21F0070119
:1007F000AC46ACE8C009ACE8C009ACE8C009ACE85C
:10080000C0098D46704710B50446AFF300802046FE
:10081000BDE81040FFF729BD0029816802D041F0F2
:10082000010101E021F0010181607047084B10B522
:10083000D3F8042307490A40D0E900142143D0E942
:100840000240044321431143C3F8041310BD0000C8
:1008500000200140E030FCFFC06C80B270470246CF
:10086000002012680A4200D00120704730B542686B
:100870000F4B0C791A400B6842EA04221343436081
:1008800082680C4B4D791A40D1E9034323438C68AD
:1008900044EA4504234313438360C26A097D22F47A
:1008A0007002491EC9B242EA0151C16230BD000066
:1008B000FFFEFFFCFDF7FFC070B5072609290AD926
:1008C000C568A1F10A0404EB4404A640B543A34063
:1008D0001D43C56007E0056901EB4104A640B5432F
:1008E000A3401D4305611F23072A09D2446B521EF2
:1008F00002EB820293409C4391400C43446370BDE1
:100900000D2A09D2046BD21F02EB820293409C4352
:1009100091400C43046370BDC46A0D3A02EB82023D
:1009200093409C4391400C43C46270BD816841F088
:10093000804181607047000038B535489FED351A19
:100940009FED350AD0ED000A10EE810AF3EE0B0A96
:1009500080EE201ABDEEC10A10EE103A642B00DDC5
:1009600064232E48DFED2E0A90ED000A20EE200AC7
:10097000BDEEC00A10EE100A002800DA40422949F4
:1009800091ED000A20EE200ABDEEC00A10EE101A0A
:10099000002900DA4942244C2278A2B100222270B8
:1009A000224C2578012D10D0214DB5F904403AB3E1
:1009B000B5F90220B5F9001001B02346BDE830407A
:1009C0001CA0FFF7D7BC0122E9E71E4890ED000A02
:1009D0001D48BDEEC00A10EE103A90ED000A1B480B
:1009E000BDEEC00A10EE102A90ED000A18A0BDEE70
:1009F000C00A10EE101AFFF7BDFC0020207038BDB1
:100A0000CAB2C1B216A00094FFF7B4FC38BD000012
:100A10001800002000007A4400401C46205A0020A4
:100A20000000C842345A0020EC010020950100204B
:100A3000080200207B4225643A25643A25647D241F
:100A400000000000500100204C010020480100205F
:100A50007B4325643A25643A25647D240000000028
:100A60007B4125643A25643A25643A25647D240057
:100A700030B58DB00121022002F014FB01210D02DE
:100A8000284602F027FB032002218DF82C000A9152
:100A900000248DF82F400AA9134800F045FF0121DA
:100AA000284602F023FB0021284602F01FFB069493
:100AB00068020994CDE9070406A8FFF7B7FE8DF890
:100AC000044000948DF80540029404940120074CE2
:100AD0008DF8140069462046FFF7C8FE0121204624
:100AE000FFF79AFE0DB030BD000402400020014027
:100AF00070B58CB00121022002F0D4FA01214E021F
:100B0000304602F0E7FA03208DF82C00012500247E
:100B10000A958DF82F400AA9134800F005FF01211E
:100B2000304602F0E3FA0021304602F0DFFA069484
:100B300068040994CDE9070406A8FFF777FE8DF84D
:100B4000044000948DF8054002940494074C8DF8FD
:100B5000145069462046FFF789FE01212046FFF721
:100B60005BFE0CB070BD000000040240002101409B
:100B70001CB505F0C3FFDFF8D0A1DFF8D0B1744C8D
:100B8000744D754EDFF8D48140F6B83900270190D6
:100B90000A2101A807F014FEDAF80400484502DA39
:100BA000401CCAF8040001F021F8DBF8000000281E
:100BB000EED16B48007810B100F034FF16E06948C0
:100BC000007810B102F014FB10E06748007810B113
:100BD00002F094F90AE0654890ED001A6448D0EDFF
:100BE000000A644890ED000A00F0A2FA01F082FBCE
:100BF000614890ED000ABDEEC00A10EE100A03F045
:100C0000B9FC28B15D4B00975A420021084651E0DB
:100C1000D4ED020A94ED000A01F05EFA00EE100A2B
:100C2000B8EEC00A84ED010AD5ED020A95ED000A7E
:100C300001F090FA00EE100AB8EEC00A85ED010A44
:100C4000D6ED020A96ED000A01F0C2FA00EE100A93
:100C50004346B8EEC00A86ED010AD8ED020A98EDC7
:100C6000000A01F0F3FA00EE100A44F23C10B8EE6C
:100C7000C00A83ED010A01F079FB4148007806289B
:100C800086D2DFE800F0031A34460346009793ED5E
:100C9000010ABDEEC00A10EE103A96ED010AB1EE5F
:100CA000400ABDEEC00A10EE102A95ED010AB1EE21
:100CB000400A3DE002F0D6FC6AE7009793ED010A96
:100CC000BDEEC00A10EE103A96ED010AB1EE400AF0
:100CD000BDEEC00A10EE102A95ED010ABDEEC00A65
:100CE00010EE101A94ED010AB1EE400A26E02548F4
:100CF000224B0068009095ED010A5A42BDEEC00AF1
:100D000010EE101A94ED010ABDEEC00A10EE100AA2
:100D1000D0E7009793ED010ABDEEC00A10EE103A3D
:100D200096ED010ABDEEC00A10EE102A95ED010AFB
:100D3000BDEEC00A10EE101A94ED010ABDEEC00A15
:100D400010EE100AB6E70000AC0100205C010020A4
:100D5000205A0020345A0020485A00205C5A0020B3
:100D60005501002056010020540100207801002088
:100D700074010020700100201800002061BEFFFFF8
:100D8000450100206C010020FEE700001CB5012198
:100D9000084602F087F94FF48070009001208DF82A
:100DA000040000218DF8061003218DF805108DF840
:100DB00007006946014800F0B7FD1CBD0000024075
:100DC0002DE9FE4F0024D8B3D1B3CAB3C3B3401E3C
:100DD000491EC7B2CEB2521E5B1E02F0FF099DB281
:100DE0000121082002F05EF90121480602F066F9AF
:100DF00002218DF804104FF0030B4FF000088DF81E
:100E000006808DF805B04FF0010ACDF800B08DF8DE
:100E100007A069464D4800F087FD092200214B4894
:100E200000F0BEFD09220121484800F0B9FD484804
:100E3000C0F80080016841F001010160021D09E075
:100E4000FFE70120BDE8FE8F641CA4B2642C01D929
:100E50000220F7E71168C907F6D03D480168016034
:100E60000168016001680160016841F010010160E2
:100E70000168016001680160354943461C31C1F8D1
:100E80000080D1F80080DDF830C048EA8C7CC1F8E1
:100E900000C0D1F800C04CEA07670F600F6847EA4E
:100EA00006560E600F6847EA09460E600E682E432C
:100EB0000E60016821F0010101604FF6F07005E05D
:100EC000641CA4B2844201D90320BBE71168C9079E
:100ED000F6D12048016841F0010101601D491C3133
:100EE0000A6822F001020A601A4A0C32146844F0BF
:100EF00001041460021D14681460164A1432146848
:100F00001460144A40321360121D13600A6842F0E4
:100F100001020A60016803600D481430016841F065
:100F20000201016014208DF808008DF809A08DF8E9
:100F30000AB08DF80BA002A801F0DCFB012202210F
:100F4000034800F0CFF800207CE70000000C0240CE
:100F5000006400400066004010B588B002A907A8F0
:100F6000CDE9000106AB05AA04A9002000F070F845
:100F70000498A0F5807181394BD1294901209FED5A
:100F80002F1A087027490020304C08702649087035
:100F900026490870264908702649087026490870B5
:100FA0009DF809009DF8081000EB012000B200EE4A
:100FB000100A2348F8EEC00A80EE810A80ED000A8C
:100FC0009DF80B009DF80A1000EB012000B200EE26
:100FD000900A1C48F8EEE00AC0EE811AC0ED001A33
:100FE0009DF80D009DF80C1000EB012000B200EE02
:100FF000900A1549F8EEE01A09780229C1EE810A33
:1010000009D000EE100AB8EEC00AC0EE010AC4ED25
:10101000000A08B010BD03F011FE84ED000AF8E7E5
:1010200057010020540100205601002055010020E6
:101030009001002091010020E801002000007A4486
:10104000700100207401002045010020780100207B
:10105000F0B5224CDDE9057504EB0014D4F8B06559
:1010600016F004061670D4F8B02532D0D2080A6003
:10107000D4F8B01501F002011970D4F8B41501F0DC
:101080000F013970D4F8B8152970D4F8B815090AC9
:101090006970D4F8B815090CA970D4F8B815090E00
:1010A000E970D4F8BC152971D4F8BC15090A697126
:1010B000D4F8BC15090CA971D4F8BC15090EE97156
:1010C00048B1012804D10648016841F020010160BF
:1010D000F0BD520DCBE70248001FF5E7006000406D
:1010E00010640040002A426901D00A4300E08A43AC
:1010F0004261704730B503460020012908D1002223
:10110000094C03E0A55C6840521CD2B29A42F9D364
:10111000002908D1044A323203E0545C6040491C83
:10112000C9B29942F9D330BD76060020704700005D
:101130002DE9F0472DED0E8BF0EE418AB0EE408A9E
:10114000B0EE0CEAFD4BDFF8F883FE4E1878FE4F48
:10115000B8EE0CCA9FEDFDDBDFEDFECAFE4AFF4D87
:10116000FF4CB6EE00AA08B1012810D1B0EE681A03
:10117000B0EE480A02F0B0FAFA4890ED008A90ED1D
:10118000019AD0ED028A187868B3012852D0C0B213
:1011900002287CD0032803D0042879D0052878D1F0
:1011A00092ED000AB0EE4E1A68EE800AB0EE480AE0
:1011B00000EECA0A00EE8A8AF0EE4C0A85ED020AB9
:1011C00084ED028A06F0A9FF85ED020A94ED020A79
:1011D000B0EE4E1AF0EE4C0A06F09FFF84ED020AC4
:1011E000C6ED02CAB8E098ED000A92ED001A79EE59
:1011F000080A30EE010A38EE491AF0EE601A48EE9D
:10120000C00A48EE801AC5ED020AB0EE602AF0EE80
:10121000410A08EE801A48EEC00AB0EE420AC4ED58
:10122000020AC6ED021A87ED021AB0EE4E1AF0EE6F
:101230004C0A76E1DFF83083F0EE490A98ED000AB7
:1012400040EE280A20EE280A10EE100AC5ED020A28
:1012500009F096F869EE0AEA41EC1B0B1EEE900AC3
:1012600009F08EF841EC1A0B18EE100A09F088F814
:1012700041EC190BB0EE4D0AF0EE6D0A04F00CFDD6
:101280009FEDBA1B51EC100B53EC112B02E069E0FF
:101290002DE163E008F07EFD53EC192B08F07AFD98
:1012A00053EC1A2B08F082FF53EC1B2B08F0C8FA02
:1012B00008F094FAA06098ED000A20EE280A10EEDB
:1012C000100A09F05DF841EC190B1EEE900A09F0C6
:1012D00057F841EC1A0B18EE100A09F051F841ECDE
:1012E000180BB0EE4D0AF0EE6D0A04F0D5FC9FED40
:1012F000A11B51EC100B53EC112B08F04BFD53ECE0
:10130000182B08F047FD53EC1A2B08F04FFF53EC55
:10131000192B08F095FA08F061FAB06095ED020A11
:10132000B0EE4E1AF0EE4C0A06F0F7FE85ED020A1A
:1013300094ED020AB0EE4E1AF0EE4C0A06F0EDFE05
:1013400084ED020A96ED020AB0EE4E1AF0EE4C0A57
:1013500006F0E3FE86ED020AC7ED02CABDEC0E8B75
:10136000BDE8F087DFED85AA92ED000A914620EEF8
:101370000A0A10EE100A09F003F841EC190B18EEF6
:10138000900A08F0FDFF41EC100B04F0C5FCB0EE34
:1013900040BAF0EE60BAD8F8000008F0F1FF53EC64
:1013A0001B2B08F009FB53EC192B08F0FFFE08F08B
:1013B00015FA02EE100A9FED721ADFED720AB0EE16
:1013C000680A06F0AAFEB5EEC00AF0EE408AF1EE19
:1013D00010FA16D099ED000AF0EE420A40EE4A0AE1
:1013E00060EE880A80EE821AF0EE420A40EE0A0AA7
:1013F00020EE880AC0EE020A85ED021AC4ED020A48
:1014000003E085ED028A84ED028A9FED5F0A28EEF3
:10141000800A10EE100A08F0B3FF41EC1B0B18EE27
:10142000900A08F0ADFF41EC100B9FED581B03F044
:101430000BFE9FED581B51EC100B53EC112B08F0D9
:10144000A9FC41EC190B18EE900A08F099FF41EC49
:10145000100BB0EE4D1AF0EE6D1A03F0F5FD9FED96
:101460004F1B51EC100B53EC112B08F093FC53EC79
:10147000192B08F09BFE53EC1B2B08F097FE9FEDF9
:10148000491B53EC112B08F0DBF908F0A7F900EE2B
:10149000100ADFED460A70EE600A9FED450A454BE3
:1014A000B0EE4E1A00EEAA0AF0EE4C0ABDEEC00AEB
:1014B00083ED000A95ED020A06F02FFE85ED020A83
:1014C00094ED020AB0EE4E1AF0EE4C0A06F025FE3C
:1014D00084ED020AC6ED02CAC7ED02CA40F69802C0
:1014E0004FF44871186806F028FE186036E792ED50
:1014F000000AD8ED000AB0EE4E1A30EE200A60EE77
:10150000280AB0EE480A00EECA0A00EE8A8AF0EE17
:101510004C0A85ED020A84ED020A86ED028A87ED07
:10152000028A06F0FAFD85ED020A94ED020AB0EE99
:101530004E1AF0EE4C0A06F0F0FD3DE045010020A9
:1015400088010020485A00205C5A0020000000005A
:10155000000008400000000084010020205A002004
:10156000345A0020145A00208C0100200000000092
:101570000000E0BF000000000000E03FD7231F4450
:101580000AD7A33E48E1FABEE5D0E23F00000000E2
:1015900000000040000000205C8FF03F0000008051
:1015A0009318E4BF00000080E926F93F4C37C93F9B
:1015B0000080BB446C01002084ED020A96ED020A13
:1015C000B0EE4E1AF0EE4C0A06F0A7FD86ED020AC8
:1015D00097ED020AB0EE4E1AF0EE4C0A06F09DFDB1
:1015E00087ED020ABAE600001CB50121082001F0CF
:1015F00059FD0820009000208DF8040003208DF88C
:10160000050001208DF807006946024800F08CF9BA
:101610001CBD0000000C0240F0B5012189B0084655
:1016200001F04CFD0121032001F03CFD03258DF864
:10163000055002264FF400408DF8046001242B4F22
:1016400000908DF806408DF807406946384600F056
:101650006BF98DF805508DF804608DF806408DF813
:1016600007400820224C00906946204600F05CF9B3
:1016700001220F21384600F093F901220321204670
:1016800000F08EF902A802F06BFF00244FF6FF7005
:10169000ADF8084003907507ADF81040ADF80A406A
:1016A00002A9284602F01EFF00231A4603212846FD
:1016B00002F039FD05A802F0B9FDADF81C4005A9FE
:1016C000284602F05DFD0121284602F011FD0122AD
:1016D0001146284602F0B2FD0021284602F0D8FE4D
:1016E0000121284602F00AFD09B0F0BD00000240C9
:1016F0000004024030B589B00121022001F0DEFC77
:101700000121022001F0CEFC3020039003208DF84F
:10171000110002208DF8100001208DF81200224CDB
:101720008DF8130003A9204600F0FEF802220421E0
:10173000204600F035F902220521204600F030F95C
:10174000684602F00DFF00244FF6FF70174DADF80C
:1017500000400190ADF80840ADF8024069462846C7
:1017600002F0C0FE00231A460321284602F0DBFCEB
:1017700005A802F05BFDADF81C4005A9284602F063
:10178000FFFC0121284602F0B3FC01221146284645
:1017900002F054FD0021284602F07AFE012128467D
:1017A00002F0ACFC09B030BD00040240000400406F
:1017B00030B589B00121042001F080FC0121022014
:1017C00001F070FCC020039003208DF8110002206E
:1017D0008DF8100001208DF81200224C8DF81300B6
:1017E00003A9204600F0A0F802220621204600F0BE
:1017F000D7F802220721204600F0D2F8684602F00E
:10180000AFFE00244FF6FF70174DADF80040019079
:10181000ADF80840ADF802406946284602F062FE85
:1018200000231A460321284602F07DFC05A802F099
:10183000FDFCADF81C4005A9284602F0A1FC0121E1
:10184000284602F055FC01221146284602F0F6FC1B
:101850000021284602F01CFE0121284602F04EFC21
:1018600009B030BD000402400008004030B589B026
:101870000121082001F022FC0121084601F012FCA0
:10188000274C02220021204600F08AF80222012182
:10189000204600F085F802218DF811108DF8101007
:1018A000012103208DF8121003908DF8131003A965
:1018B000204600F039F8684602F052FE00244FF648
:1018C000FF70184DADF800400190ADF80840ADF83C
:1018D00002406946284602F005FE00231A4603210D
:1018E000284602F020FC05A802F0A0FCADF81C4040
:1018F00005A9284602F044FC0121284602F0F8FB25
:1019000001221146284602F099FC0021284602F0E7
:10191000BFFD0121284602F0F1FB09B030BD0000F7
:1019200000000240000C0040F0B5002201274FF0FB
:10193000030C0B6807FA02F52B40AB422CD106686A
:1019400053000CFA03F4A64306600E79D0F800E0C9
:101950009E4046EA0E0606600E79012E01D0022E48
:1019600012D18668A64386604E79D0F808E09E4082
:1019700046EA0E0686604668AE43466045688E7944
:101980009640B6B235434560C568A543C560CC797D
:101990009C40C3681C43C460521C102AC9D3F0BDCC
:1019A0004B07DB0E9A40C90810B500EB8100016AB5
:1019B0000F249C40A1430162016A1143016210BDE2
:1019C0000183704710B50A4C0146072301222046C7
:1019D000FEF772FF2046FEF7A9FF02212046FEF720
:1019E0003EFF0028F9D02046BDE81040FEF734BF86
:1019F0000020014010B50A4C014607230122204671
:101A0000FEF75AFF2046FEF791FF02212046FEF71F
:101A100026FF0028F9D02046BDE81040FEF71CBF85
:101A200000210140F0B464486449027864480E78AB
:101A30000578644804789FED641A644BDFED642AEE
:101A4000DFED641A644F9FED652A654897ED000A43
:101A50006449F1EE400A52B1012A08D0092C66D23D
:101A6000DFE804F0654346494E5156596200092C9F
:101A700024D2DFE804F02305080B1013181B200004
:101A800080ED000A0CE080ED000A01E080ED001A14
:101A9000C3ED000A53E0C0ED000AF9E7C0ED000A0B
:101AA00083ED001A4BE0C0ED000A01E080ED001A62
:101AB00083ED000A43E080ED000AF9E780ED001AAB
:101AC00083ED001A012E04D0012D07D081ED001AFC
:101AD00035E0C0EE220A60EE820A03E0C0EE220A80
:101AE00060EEA10AC1ED000A29E080ED000A0CE0D9
:101AF00080ED000A01E080ED001AC1ED001A0EE051
:101B0000C0ED000AF9E7C0ED000A81ED001A06E019
:101B1000C0ED000A01E080ED001A81ED002A012EDF
:101B200008D0012D09D00AE080ED000AF5E780ED2C
:101B3000001AEAE781ED002A01E0C1ED001A022A4D
:101B400006D0032A11D0052A0FD0042A0DD01FE099
:101B500091ED000AF0EE000A20EE200AF2EE020AF1
:101B600080EE201A81ED001A12E0D0ED000AF5EEA9
:101B7000C00AF1EE10FAD1ED000A03D2F1EE600ACC
:101B8000C1ED000A20EE800AC0EE220AC1ED000A73
:101B9000D0ED000A9FED141A80EE810A80ED000A54
:101BA000D3ED001AC1EE810AC3ED000A91ED001ACF
:101BB000F0BCFFF7BDBA00004501002092010020F3
:101BC0009301002058010020000000007401002053
:101BD0000000FA43DB0FC9BF48010020DB0FC93FFB
:101BE000700100207801002000007A4410B5022026
:101BF0002DED048B01F0DCFA394C2060032001F05C
:101C0000D7FA6060042001F0D3FAA060052001F04B
:101C1000CFFA3449E060097806291BD2DFE801F0E9
:101C20004903505049502168494200EE101A61683A
:101C3000F8EEC09A494200EE101AA168B8EEC09AB8
:101C4000494200EE101A4042F8EEC08A00EE100A37
:101C5000B8EEC08A9FED241A244869EE810A90EDFF
:101C6000000A234860EE801AD0ED000A214881EE78
:101C7000A02A69EE011A61EE801A80ED002A81EE39
:101C8000A02A68EE811A1C4828EE011A61EE801A1B
:101C900021EE000A80EE201A80ED002A174881EE1E
:101CA000A02A80ED002A164880ED001ABDEC048BB6
:101CB00010BD94ED000AF8EEC09A94ED010ABCE75D
:101CC00094ED000A6168F8EEC09A494200EE101ADD
:101CD000B8EEC09A94ED020AF8EEC08AB6E70000AA
:101CE000705A0020450100200000C84280010020F9
:101CF0007C010020205A0020345A0020485A00203D
:101D00005C5A00202DE9F04100250E4607462C467E
:101D100008E03846FFF756FE0544052004F098FE1B
:101D2000641CE4B2B442F4D3B5FBF6F080B2BDE873
:101D3000F081000010B50820FFF75CFE07F0DAFF25
:101D40009FED0E1B53EC112B08F024F89FED0D1B9B
:101D500053EC112B08F01EF89FED0C1B53EC112BCC
:101D600008F018F89FED0B1B53EC112B08F012F83C
:101D700007F034FD00EE100A10BD000066666666CE
:101D800066660A4000000000000026400000008057
:101D900014AEEF3F000000000000303FFEE70000FF
:101DA00070B50D4C0025C4F8A8520C48016821F408
:101DB00040010160016841F480010160C4F8AC5247
:101DC000012004F52A7404F05FFE0120206004F075
:101DD0005BFE256070BD00000080404200040240B0
:101DE0001CB50121022001F05DF94FF4406001248F
:101DF00000908DF8044000208DF8060003208DF837
:101E000005008DF8074069460448FFF78DFD04483A
:101E1000C0F8A842C0F8AC421CBD0000000402405B
:101E20000080404270B50D4C0026C4F8A8620C48F2
:101E3000016821F440010160016841F48001016002
:101E40000125C4F8AC52284604F52A7404F01CFE9F
:101E50002560012004F018FE266070BD008040421D
:101E6000000402402DE9F04781461848002501682A
:101E700021F44001016001680160154E2C462F4697
:101E80004FF00108C6F8A872012004F0FDFDC6F865
:101E9000A8826806D6F82C12000E11B140F0010598
:101EA00001E020F00105012004F0EEFD641CE4B225
:101EB000082CE7D3B9F1000F04D0FFF7B3FF284691
:101EC000BDE8F087FFF76CFFF9E70000000402406F
:101ED0000080404270B50D46044600F01BF82046D5
:101EE00000F0B0F800F05EF8284600F0ABF800F023
:101EF00059F800F00FF844F0010000F0A3F800F0EA
:101F000051F80120FFF7AEFF044600F02BF8204601
:101F100070BD000070B51148016821F440010160F6
:101F2000016841F4800101600D4C0120C4F8AC024D
:101F3000D4F82C1200290FD0C4F8A80204F0A4FD94
:101F40000025C4F8AC52D4F82C02002804D101209A
:101F500004F09AFDC4F8A85270BD000000040240CD
:101F6000008040420D4810B5016821F44001016035
:101F7000016841F480010160094C0020C4F8A80206
:101F8000C4F8AC02012004F52A7404F07DFD0120A0
:101F900020606060BDE8104004F076BD000402409F
:101FA0000080404270B512480024016821F44001CD
:101FB0000160016801600F4D0126C5F8AC62304632
:101FC00004F062FDC5F8A86207E0641CE4B2322C9C
:101FD00003D9FFF7C7FF002070BD012004F054FDB6
:101FE000D5F82C020028F0D1C5F8A802012070BD58
:101FF00000040240008040422DE9F0411D46144695
:102000000F468046069EFFF765FF621CFF21C4F164
:10201000080301FA02F22B445B1ED9400A43C5F1C2
:1020200008018E40D2B2F1B2C4F10703D94010408A
:1020300040EA01023946404600F034F80120BDE88C
:10204000F08100002DE9F04105461448016821F4B3
:1020500040010160016841F480010160104E0027D9
:10206000C6F8A8723C464FF00108E809C6F8AC0271
:102070006806050E012004F007FDC6F8A8820120BD
:1020800004F002FDC6F8A872012004F0FDFC641CF7
:10209000E4B2082CE9D3BDE8F0810000000402405E
:1020A0000080404270B515460E460446FFF732FFE9
:1020B0002046FFF7C7FFFFF775FF3046FFF7C2FF67
:1020C000FFF770FF2846FFF7BDFFFFF76BFFFFF735
:1020D00049FF012070BD0000174830EEC00A1749C3
:1020E000D0ED050A174A91ED001A70EE600A144906
:1020F00060EE810A91ED001A41EE000A90ED041A9B
:1021000070EE810A10EE901AC0ED040A914203DDD0
:10211000DFED0D0AC0ED040A10EE901A0B4A914251
:1021200003D9DFED0B0AC0ED040A80ED050ABDEE10
:10213000E00A10EE100A7047AC0100204C010020AC
:10214000500100200078824600788246007882C6DE
:10215000007882C6174830EEC00A1749D0ED080A49
:10216000174A91ED001A70EE600A144960EE810A78
:1021700091ED001A41EE000A90ED071A70EE810A07
:1021800010EE901AC0ED070A914203DDDFED0D0A53
:10219000C0ED070A10EE901A0B4A914203D9DFED09
:1021A0000B0AC0ED070A80ED080ABDEEE00A10EE4A
:1021B000100A7047AC0100204C01002050010020A3
:1021C0000078824600788246007882C6007882C60F
:1021D000174830EEC00A1749D0ED0B0A174A91EDA7
:1021E000001A70EE600A144960EE810A91ED001A3F
:1021F00041EE000A90ED0A1A70EE810A10EE901A74
:10220000C0ED0A0A914203DDDFED0D0AC0ED0A0AB6
:1022100010EE901A0B4A914203D9DFED0B0AC0ED84
:102220000A0A80ED0B0ABDEEE00A10EE100A7047B4
:10223000AC0100204C0100205001002000788246B3
:1022400000788246007882C6007882C6174830EE51
:10225000C00A1749D0ED0E0A174A91ED001A70EE28
:10226000600A144960EE810A91ED001A41EE000AFD
:1022700090ED0D1A70EE810A10EE901AC0ED0D0A65
:10228000914203DDDFED0D0AC0ED0D0A10EE901A4C
:102290000B4A914203D9DFED0B0AC0ED0D0A80ED28
:1022A0000E0ABDEEE00A10EE100A7047AC010020E5
:1022B0004C010020500100200078824600788246C0
:1022C000007882C6007882C61CB50121102000F07B
:1022D000E9FE00218DF80410032101208DF805107E
:1022E00000908DF8070069460148FFF71DFB1CBDF3
:1022F0000010024010B5322004F0ECF902280BD196
:10230000074906480A6802608988818006490548AD
:102310000A6802608988818010BD000014020020D4
:102320001A02002020020020260200207CB5012194
:10233000084600F0B7FE01208DF8040000228DF859
:10234000062003218DF80510074D4FF480548DF8B9
:102350000700009469462846FFF7E6FA214628461A
:10236000FFF72EFB7CBD00000000024000EE900A4B
:1023700041421E4AB8EEE01A00EE901A00B592ED06
:10238000010AF8EEE00A05F0C8FE00EE900A82EDC0
:10239000010A174AB8EEE01A00EE901A92ED010A0F
:1023A000F8EEE00A05F0B9FE00EE900A82ED010AAF
:1023B000104AB8EEE01A00EE901A92ED010AF8EE1B
:1023C000E00A05F0AAFE00EE900A82ED010A0A4A30
:1023D000B8EEE01A00EE901A92ED010AF8EEE00A6B
:1023E00005F09BFE82ED010A00BD0000205A00208E
:1023F000345A0020485A00205C5A0020BC2801D3DF
:10240000012210E0622801D302220CE02A2801D325
:10241000032208E0142801D3042204E00A2801D38F
:10242000052200E006221A21D020FFF73BBE10B59E
:1024300004464FF47A70844201D9044602E0042C29
:1024400000D20424B0FBF4F0401EC2B21921D02007
:10245000FFF728FE6008BDE81040FFF7CFBF10B5BA
:1024600080226B21D020FFF71DFEC82004F0F0FA77
:1024700000226B21D020FFF715FE012000F03AF872
:10248000002000F02EF86420FFF7D1FF0022382151
:10249000D020FFF707FE00226A21D020FFF702FEBE
:1024A00000222321D020FFF7FDFD80223721D020FC
:1024B000FFF7F8FD7521D020FFF70CFD682801D04B
:1024C000012010BD01226B21D020FFF7EBFD00227F
:1024D0006C21D020FFF7E6FD6420FFF7A8FF002065
:1024E00010BD08B50223009004221C21D020FFF764
:1024F00083FD08BD08B50223009004221B21D020D3
:10250000FFF77AFD08BD000008B504F0F7FA094CA2
:102510004FF47A7500900A21684606F051F900F0F0
:1025200073F800F009F82068A842F4DA401C206033
:10253000F1E70000040200202DE9F0413C21D02009
:10254000FFF7C8FC04463B21D020FFF7C3FC04EB97
:1025500000202B4C3E212080D020FFF7BBFC0546FD
:102560003D21D020FFF7B6FC05EB00206080402124
:10257000D020FFF7AFFC05463F21D020FFF7AAFC93
:1025800005EB002001B2A4F12200A18002684FF403
:102590007A77A51F00F10A06BA4226DA1948B4F97B
:1025A00000C0036863440360B4F90240D0F804C07B
:1025B00064444460D0F808C061448160A2F5407072
:1025C000E7380AD193FBF7F0288094FBF7F0688096
:1025D00091FBF7F0A0F58040A8800020308070804B
:1025E0004FF48040B080BDE8F08120882A88801AAE
:1025F000308060886A88801A7080A888081AF1E79D
:1026000026020020A45A00202DE9F0414421D020C8
:10261000FFF760FC04464321D020FFF75BFC04EB8E
:1026200000202F4C46212080D020FFF753FC054688
:102630004521D020FFF74EFC05EB002060804821AB
:10264000D020FFF747FC05464721D020FFF742FC8A
:1026500005EB002000B2A4F11601A08009684FF438
:102660007A7EA51F00271F4BDFF87CC0A4F112065D
:10267000714524DA01221A608CF800201B4AB4F953
:1026800000C013689C44C2F800C0B4F9024053680B
:1026900023445360946820449060A1F54072E73A67
:1026A00008D19CFBFEF1298093FBFEF190FBFEF02C
:1026B0006980A88037807780B780BDE8F0818CF88A
:1026C00000704FF49671196021882A88891A318028
:1026D00061886A88891A7180A988401AB080ECE7FD
:1026E0001A0200203400002044010020985A0020E3
:1026F000FEE7704730B50F23C27801780125FAB1A3
:10270000144A126801F1E02102F4E062C2F5E062CD
:10271000C2F30722C2F10404D3404278A240847875
:102720001C401443220181F80024007800F01F01AE
:102730008D404009800000F1E020C0F8005130BD1C
:1027400001F01F0085404809800000F1E020C0F83A
:10275000805130BD0CED00E0024908430249086099
:10276000704700000000FA050CED00E010B40021F5
:10277000084B0A46002003EBC004401CC0B2625460
:102780008028F8D3491CC9B20829F3D310BC00F043
:10279000B9B800002C02002010B57F2816D83F29B8
:1027A00014D80723A3EBD10301F00701C1F10704FB
:1027B0000121A140064CDBB204EBC000002AC25C40
:1027C000C9B201D00A4300E08A43C25410BD0000E0
:1027D0002C0200207CB50121082000F063FC0126BA
:1027E0008DF8046000244FF4F0408DF8064000900E
:1027F0008DF805408DF8074069464048FFF794F88A
:102800000121080700F05AFC012000F045FC0020DF
:1028100000F0C0FC002000F03FFC394DC5F8B0428C
:10282000642005F52C7504F013F92E600021AE200C
:1028300000F02AF90021D52000F026F900215020CF
:1028400000F022F90021A82000F01EF900213F200D
:1028500000F01AF90021D32000F016F900210846F3
:1028600000F012F90021402000F00EF900218D2027
:1028700000F00AF90021142000F006F900212020C0
:1028800000F002F90021022000F0FEF80021A12052
:1028900000F0FAF80021C02000F0F6F80021DA205C
:1028A00000F0F2F80021122000F0EEF80021812063
:1028B00000F0EAF80021EF2000F0E6F80021D9202E
:1028C00000F0E2F80021F12000F0DEF80021DB202A
:1028D00000F0DAF80021302000F0D6F80021A42022
:1028E00000F0D2F80021A62000F0CEF80021AF20A1
:1028F00000F0CAF8FFF73AFF7CBD0000000C024070
:102900000080414270B5104E002505F1B000C0B204
:10291000002100F0B9F80021084600F0B5F80021C8
:10292000102000F0B1F8002406EBC4000121405D46
:1029300000F0AAF8641CE4B2802CF5D36D1CEDB253
:10294000082DE2D370BD00002C0200202DE9F04FCD
:10295000203A98460D468346894602F0FF0A002633
:102960002EE0B8F10C0F08D0174901EB0A10002730
:10297000845D200607D5099A08E014490AEB4A004D
:1029800001EB8000F3E7099890B1002229465846F0
:10299000FFF702FF6D1C6006EDB2040EA5EB090106
:1029A000414507D10BF101004D4600F0FF0B05E05A
:1029B0000122EBE77F1CFFB2082FDAD3761CF6B2B8
:1029C0004645CED3BDE8F08FDAA9000866A5000819
:1029D0002DE9FF4F81B00027DDF838B01D46924643
:1029E00080463C464FF001094FEA5B0627E0281B72
:1029F000401EC1B20A2004F0BBF8BAFBF0F00A2175
:102A0000B0FBF1F201FB120027B9691E8C4201DA1A
:102A100048B101273030C2B206FB0480C0B25B4629
:102A2000CDF8009006E006FB0480C0B25B46202291
:102A3000CDF800900299FFF789FF641CE4B2AC4224
:102A4000D5D305B0BDE8F08FF8B516460D4604465F
:102A5000012714E07A2C02D900241035EDB23A2D6A
:102A600003D900242546FFF781FE009732780C2316
:102A700029462046FFF76AFF0834E4B2761C307816
:102A80000028E7D1F8BD000030B500230E4A01242C
:102A900011B1C2F8AC4201E0C2F8AC320021C2F878
:102AA000B832050602D5C2F8B44201E0C2F8B43229
:102AB000C2F8B8424006491C000EC9B20829EED33C
:102AC000C2F8AC4230BD0000008041420020044A00
:102AD00001461154401CC0B20928FAD370470000C7
:102AE0002C0600202DE9F84301250746ADF80050DB
:102AF0001B4800264670ADF800501A4C80464FF631
:102B0000FF7924E0BDF80000384202D0C4F8B0528A
:102B100001E0C4F8B062C4F8A052052003F0B4FF8D
:102B2000C4F8A062052003F0AFFFC4F8A052D4F8A7
:102B30003C0230B198F80110BDF80020114388F82C
:102B40000110BDF8001009EA4100ADF80000BDF821
:102B50000000FF28D6D9BDE8F843102003F094BF49
:102B60002C0600200000424270B5FFF7AFFF00F0D6
:102B700013F90B480B4AB0F803400A480832448066
:102B80000020012512F8103000F101005B1E05FA4B
:102B900003F12142C0B202D01028F3D3002070BD4F
:102BA0002C0600203C00002010B5154C0020C4F875
:102BB000A802102004F52A7403F066FF0120FFF735
:102BC00091FF4320FFF78EFF0020FFF78BFF0120CE
:102BD000FFF788FF0020FFF785FF0020FFF782FF47
:102BE0000020FFF77FFF0020FFF77CFF0020FFF7AA
:102BF00079FF01202060BDE81040102003F044BFA1
:102C00000000424210B5154C0020C4F8A802102064
:102C100004F52A7403F038FF0120FFF763FF432017
:102C2000FFF760FF0020FFF75DFF0020FFF75AFF6E
:102C30005A20FFF757FF5A20FFF754FF5A20FFF79B
:102C400051FF5A20FFF74EFF5A20FFF74BFF01209C
:102C50002060BDE81040102003F016BF0000424283
:102C60007CB50121102000F01DFA4FF40040002433
:102C700000908DF8044003208DF805000C4E0225CD
:102C80008DF8075069463046FEF74EFE01218DF85B
:102C900004108DF806404FF4A8508DF805500090B0
:102CA0008DF8071069463046FEF73EFE7CBD0000F9
:102CB0000010024010B5FFF757FF00EE100A27483A
:102CC0002C4BB8EE400A012280ED000A2448C1795D
:102CD00000EE901A2349F8EE600AC1ED000A017A6D
:102CE00000EE901A2049F8EE600AC1ED000A417921
:102CF00001EE101A1D49B8EE411A81ED001A8079D3
:102D000010EE101A01EE100A1948B1F1814FB8EE19
:102D1000411A80ED001A184801D10178E1B15968D3
:102D2000002918D010EE901A144B994213DA01784A
:102D3000002910D112490968B1F57A7F0BDB1149DE
:102D4000027000200870104908701049087010497E
:102D500008701049087010BD5A60E3E7A801002010
:102D60002C060020980100209C010020A0010020DA
:102D7000A40100203C000020540100200000EC428F
:102D800004020020560100205501002057010020B8
:102D900090010020910100202DE9FC4100268DF8D2
:102DA00000600125ADF80450224CC4F8A862224FFF
:102DB0003878FFF797FE7878FFF794FE02208DF8B9
:102DC00000001E4F4FF6FF782CE0ADF804501DE0D8
:102DD000C4F8A052052003F057FEC4F8A0620520F5
:102DE00003F052FEC4F8A052D4F83C0240B19DF862
:102DF0000000BDF80410385C08439DF800107854BA
:102E0000BDF8041008EA4100ADF80400BDF8040064
:102E1000FF28DDD9102003F037FE9DF80000401C8C
:102E20008DF800009DF800000928CED3C4F8A85200
:102E3000BDE8FC81000042423C0000202C0600203E
:102E400010B500F00DF800F00BF800F009F8FFF7EE
:102E5000ABFE00F027F8BDE81040FFF7D3BE00003E
:102E600010B50F4C0020C4F8A802102004F52A74F5
:102E700003F00AFE0120FFF735FE4220FFF732FE85
:102E80000020FFF72FFE0020FFF72CFE0020FFF7A9
:102E900029FE01202060BDE81040102003F0F4BDA1
:102EA0000000424210B5144C0020C4F8A8020120D2
:102EB00004F52A74FFF716FE4420FFF713FE0020E6
:102EC000FFF710FE0120FFF70DFE0320FFF70AFEBB
:102ED0000020FFF707FE0020FFF704FE0020FFF7A9
:102EE00001FE0020FFF7FEFD01202060BDE810403C
:102EF000102003F0C9BD000000004242554830B424
:102F0000D0ED000A9FED540A54486FF0130370EEA1
:102F1000600AFDEEE00A10EE901AD0ED000A50486B
:102F200070EE600AFDEEE00A10EE902AD0ED000A85
:102F30009A4230EE600ABDEEC00A10EE100A02DDC1
:102F4000142A00DA0022994202DD142900DA002155
:102F5000984202DD142800DA0020424B434C424DD7
:102F60001B6894ED000AF1EE040AAB4202D130EE88
:102F7000200A04E03E4DAB4203D130EE600A84EDFE
:102F8000000AB5EEC00AF1EE10FA03D29FED390A3D
:102F900084ED000A00EE102A01EE901AD4ED000A2A
:102FA000B8EEC00A02EE100AF8EEE11ADFED352A9B
:102FB000B8EEC22A20EE201A9FED2F0A61EEA01A69
:102FC00022EE222A21EE001A2C4A61EE801A2C4BA6
:102FD00022EE000A2C4982ED001A2C48C3ED001A9B
:102FE00081ED000A00789FED2A2AF0B101281CD05B
:102FF000022806D003280FD005280DD004280BD0B6
:1030000019E0F0EE000A20EE200AF2EE020A80EE4D
:10301000202A81ED002A0EE0B5EEC01AF1EE10FA7A
:1030200003D2B1EE400A81ED000A20EE200AC0EE84
:10303000020AC1ED000A9FED172A81EE020AC1EED5
:10304000820A82ED000AC3ED000A91ED001A30BC3D
:10305000FEF76EB898010020000000439C0100209C
:10306000A0010020A80100200000304148010020FC
:1030700000001041000000000000003C7001002032
:1030800074010020DB0FC93F7801002045010020BA
:103090000000FA4300007A440149086270470000CA
:1030A00000000E42044A0029116801D0014300E0EB
:1030B000814311607047000030380240044A002903
:1030C000116801D0014300E08143116070470000A6
:1030D00040380240044A0029116801D0014300E051
:1030E000814311607047000044380240044A0029BF
:1030F000116801D0014300E0814311607047000076
:103100002438024070B5204B1968204C11F00C0196
:1031100004D06610042903D0082903D004601BE002
:10312000066019E0184A121F1168C1F38055116832
:1031300001F03F0115B1B6FBF1F101E0B4FBF1F193
:1031400014681268C4F388146143C2F30142521C2C
:103150005200B1FBF2F1016019680F2202EA11116D
:103160000B4A545C0168E14041601C68072505EA90
:103170009424145D21FA04F484601B6805EA533337
:10318000D25CD140C16070BD083802400024F40018
:10319000C0000020054900220A700A70012802D0F0
:1031A000042801D1052008707047000070380240E3
:1031B0000021022807D003280BD004280BD00528B3
:1031C0000BD0002070474FF08042506A516200B22D
:1031D0007047044A02E0044A00E0044A10681160A3
:1031E00000B270472404004024080040240C004032
:1031F0002DE9F0414FF4FA66614B771032463946BB
:10320000186804F09AFF5F4D186032463946286806
:1032100004F093FF5C4C286032463946206804F085
:103220008CFF3246594E20603946306804F085FFE5
:1032300030602A6821681B686FF06304A2F2DC52D8
:10324000A0F2DC50A1F2DC51A3F2DC53A24202DD79
:10325000642A00DA0022A04202DD642800DA00209D
:10326000A14202DD642900DA0021A34202DD642BC1
:1032700000DA002300EE101A454CB8EEC00AD4ED77
:10328000000A30EE800ABDEEC00A10EE101A0029C6
:1032900000DA00214FF4FA754A4392FBF5F24042FE
:1032A000484390FBF5F000EE102ADFED3C1A394C54
:1032B000F8EEC00A00EE100A5842374DB8EEC01AB8
:1032C00000EE100A374AC4ED000AB8EEC00A3648CC
:1032D00085ED001A20EE212ADFED311A82EE210A57
:1032E00082ED000A007850B1012808D002280DD0E4
:1032F000032812D0052810D004280ED022E002EEB8
:10330000101AB8EEC22A20EE020A17E0F0EE001AF8
:1033100020EE210AF2EE021A10E0F5EEC00AF1EEFC
:1033200010FA03D2B1EE400A82ED000AB0EE402A54
:1033300000EE101AB8EEC00A22EE000A80EE212A32
:1033400082ED002A9FED190A1949C0EE801AC1EEDC
:10335000000AC4ED001AC5ED000A087838B19FEDE7
:10336000150A401E84ED000A82ED000A087092EDF5
:10337000001A94ED000ABDE8F041FDF7D9BE000047
:10338000780000207C0000208000002084000020C5
:10339000480100207001002074010020DB0FC93FAC
:1033A0000000FA43780100204501002000007A4423
:1033B000AC0100200000000010B551EC100B2DED09
:1033C000068BB0EE439AF0EE629AB0EE42AAF0EEAF
:1033D000618AB0EE418A06F001FABDEECA0A1549CB
:1033E00010EE102ABDEEE90A086081ED018A10EEA8
:1033F000103AC1ED058AC1E9022381ED049A9900D2
:10340000514300EE101A0C49B8EEC00A81ED000AD3
:103410009FED0A0A0A4929EE000A81ED000A0949CE
:103420000860094880ED008A0848C0ED008ABDECBC
:10343000068B10BD805A00207C010020DB0F494024
:103440008001002084010020880100208C010020E0
:1034500070B53E4C4FF4AD700A2120600920FEF794
:1034600051FC21683A4C90FBF1F0C0B22070052865
:1034700001D905202070C0B29FED361A9FED363A73
:1034800006281DD2DFE800F0031029343D48F0EE95
:10349000411A9FED323AF2EE0A2AB3EE0E2A9FED60
:1034A000301A9FED300B09E09FED303AF2EE0A2A18
:1034B000B3EE0E2ADFED2E1A9FED2E0BFFF77CFFE9
:1034C0002578042208242D482D490723062D38D2BB
:1034D000DFE805F02D3038383438F0EE411AF2EEDE
:1034E0000A2AB3EE0E2A9FED271A9FED270BE5E778
:1034F000F2EE0A2AB3EE0E2AF0EE411A9FED240BEB
:10350000DCE7F0EE411AF2EE0A2AB3EE0E2A9FED46
:10351000221A9FED220BD1E79FED223AF2EE0A2A02
:10352000B3EE0E2AF0EE411A9FED1F0BC6E70460C2
:103530000E2005E0062202600A2001E004600B2054
:10354000086070BD02600B6070BD00006801002063
:103550004501002000000000B81E853D9A99993D64
:103560007B14AE3D022B8716D9CEB73F8FC2753D77
:10357000643BDF3D0000000000000000600100200F
:1035800064010020BC74133E000000806ABCC43F8C
:10359000000000A0EFA7C63FE926313E000000C0B2
:1035A0009DEFC73FC520303D000000E07A14CE3FBC
:1035B0000CB50022274900920192086840F480303F
:1035C00008604FF4A043086800F4003001900098B0
:1035D000401C0090019810B900989842F3D10868F7
:1035E000800334D5012001901A484030026842F02F
:1035F000805202601848026842F440420260154856
:10360000083002680260026842F400420260026808
:1036100042F4A0520260031F104A1A600A6842F086
:1036200080720A600A689201FCD50D4940F2057269
:103630000A60016821F003010160016841F00201A4
:1036400001600168C1F381010229FAD10CBD019228
:103650000CBD0000003802400070004008544007D4
:10366000003C0240F0B5174E174F059D44F29F14E1
:10367000002803DA34602044386002E03C60201AFD
:1036800030601248002903DA44632144816302E078
:103690008463611A41630E48002A03DA84631119B6
:1036A000416302E04463A11A8163002B03DA0464DE
:1036B0001919C16302E0C463E11A01640548056099
:1036C000F0BD000034440140344801400040014056
:1036D000000001403818004000B5B0EE412AF0EE7D
:1036E000602AB0EE401A9FED490A4948D0ED001A11
:1036F000DFED480AB5EEC01AF1EE10FA02DD71EE08
:10370000801A0EE0B5EEC01AF1EE10FA02D271EE98
:10371000C01A06E0B5EEC01AF1EE10FA03D161EE60
:10372000A01AC0ED001A3A49F5EEC02AD1ED011AEF
:10373000F1EE10FA02DD71EE801A0EE0F5EEC02A0D
:10374000F1EE10FA02D271EEC01A06E0F5EEC02AD0
:10375000F1EE10FA03D161EEA01AC0ED011A2C4966
:10376000B5EEC02AD1ED021AF1EE10FA02DD31EE0B
:10377000800A0EE0B5EEC02AF1EE10FA02D231EE68
:10378000C00A06E0B5EEC02AF1EE10FA03D121EE30
:10379000A00A80ED020AB0EE410A03F09BF9F0EEB8
:1037A000400AB0EE410A03F095F9F1EE401AB0EE8E
:1037B000601A90ED000AF0EE610A04F0AEFC80EDB4
:1037C000000AB0EE620A03F085F9B0EE401AB0EEDE
:1037D000620A03F07FF9F1EE400A90ED010A04F06D
:1037E0009CFC80ED010AB0EE420A03F073F9B0EEE2
:1037F000401AB0EE420A03F06DF9F1EE400A90ED86
:10380000020A04F08AFC80ED020A00BD0AD7233CBC
:10381000145A00206666663F4FF0E02104280869CC
:1038200003D020F004000861704740F00400FAE77C
:1038300010B505F06BFD012803D0BDE8104005F080
:1038400059BA10BD124810B5016841F47001016009
:103850001048016841F0010101600E4A0021083260
:10386000116002680C4B1A400260031D0B4A1A607B
:10387000026822F48022026006480C300160FFF7E3
:1038800097FE03494FF000608039086010BD0000CA
:1038900088ED00E000380240FFFFF6FE1030002403
:1038A00070B5048C24F001040484058B048C4FF65D
:1038B000FF7606EA0313134325F0F3052B4324F0A8
:1038C0000A020A4342F001010383018470BDF0B58E
:1038D000048C24F010040484078B068C4FF6FF74CC
:1038E00004EA011527F4734704EA0331394304EA73
:1038F00002220A4326F0A001294341F0100102836D
:103900000184F0BD2DE9F041884607468AB00121C7
:103910000220FFF7C7FB01214804FFF7DBFB1F4E26
:10392000032208213046FEF73BF802208DF8040000
:103930000024C0018DF80640012500908DF8075045
:1039400003208DF8050069463046FDF7EDFF144E63
:10395000ADF808800397ADF81040ADF80A4002A911
:10396000304600F0BFFD6020ADF81400ADF81650F1
:10397000ADF8204005A9304600F068FC082130462B
:1039800000F09AFC0121304600F0A8FB01213046EE
:1039900000F0B4FB0AB0BDE8F08100000004024072
:1039A000004401402DE9F041884607468AB00121D4
:1039B0000220FFF777FB01218804FFF78BFB214EE4
:1039C000032209213046FDF7EBFF02208DF80400A9
:1039D000002400028DF80640012500908DF8075064
:1039E00003208DF8050069463046FDF79DFF164E11
:1039F000ADF808800397ADF81040ADF80A4002A971
:103A0000304600F06FFD6020ADF81400ADF81650A0
:103A1000ADF8204005A9304600F018FC08213046DA
:103A200000F04AFC0121304600F072FB01213046D3
:103A300000F054FB0121304600F060FB0AB0BDE805
:103A4000F081000000040240004801402DE9F041EF
:103A5000884606468AB001214020FFF72FFB01214E
:103A60000220FFF71FFB02208DF818004FF44040A2
:103A7000059003208DF819000024264F8DF81A4078
:103A800001258DF81B5005A93846FDF74DFF092289
:103A90000E213846FDF784FF09220F213846FDF735
:103AA0007FFF08961C4EADF81C80ADF82440ADF8A1
:103AB0001E4007A9304600F015FD6020ADF800005B
:103AC000ADF802500294ADF80C40ADF810406946D4
:103AD000304600F0BBFB6946304600F0F3FB08219E
:103AE000304600F0E9FB0821304600F035FC0121AA
:103AF000304600F00DFB0121304600F0FFFA064988
:103B000040F2DC5038310860091F08600AB0BDE897
:103B1000F081000000040240001800402DE9F0414F
:103B20008846074601218AB00846FFF7D3FA0121EB
:103B30001020FFF7B7FA354E012209213046FDF774
:103B40002FFF01220B213046FDF72AFF01220D2114
:103B50003046FDF725FF01220E213046FDF720FFFC
:103B60004FF4D440059002208DF8180003208DF802
:103B7000190000248DF81A4001258DF81B5005A965
:103B80003046FDF7D1FE224EADF81C800897ADF807
:103B90002450ADF81E4007A9304600F0A3FC602079
:103BA000ADF80000ADF80250ADF80C406946304663
:103BB00000F04CFB6946304600F084FB6946304615
:103BC00000F0D4FB6946304600F01EFC012130466F
:103BD00000F09EFA0821304600F06EFB08213046C6
:103BE00000F0BAFB0821304600F008FC08213046FE
:103BF00000F044FC0121304600F070FA012130460B
:103C000000F07CFA0AB0BDE8F0810000001002402C
:103C1000000001404FF08040018A018A21F001013B
:103C20000182704703480188018821F00101018069
:103C3000704700001004004003480188018821F00B
:103C4000010101807047000010080040034801880E
:103C5000018821F00101018070470000100C004034
:103C600003480188018821F00101018070470000AC
:103C7000101800402DE9F0478E4800248169B1F505
:103C8000C86F13DD8C490A7882B98C4A1268B2F584
:103C90007A7F0BDB01220A7089490C7089490C700C
:103CA00089490C7089490C7089490C7080460078EC
:103CB000884D000642F20F764FF4FA772DD4022198
:103CC000284600F051FA40B30221284600F013FACA
:103CD00098F80000400628463DD500F03DFA80B235
:103CE000A8F80600B8F804104246884201D256638C
:103CF00000E05463401A516B08445061516A401A05
:103D000000D54042B84200DD51615069506288F8E8
:103D100000400021284600F0C9FA98F8010000068A
:103D20003AD40421284600F01FFAA8B304212846FB
:103D300000F0E1F998F80100400628464AD500F065
:103D40000DFA80B2A8F80A00B8F808104246884276
:103D50000ED296630DE000F0FFF90146A8F80410BA
:103D600098F8001041F0400188F800100221D1E7D6
:103D70009463401A916B08449061916A401A00D58F
:103D80004042B84200DD91619069906288F801403C
:103D90000021284600F0D6FA98F8020000063AD42E
:103DA0000821284600F0E0F9A8B30821284600F0D1
:103DB000A2F998F80200400628464BD500F0D0F949
:103DC00080B2A8F80E00B8F80C10424688420ED215
:103DD000D6630DE000F0C2F90146A8F8081098F883
:103DE000011041F0400188F801100221D1E7D463AD
:103DF000401AD16B0844D061D16A401A00D54042C4
:103E0000B84200DDD161D069D06288F8024000215B
:103E1000284600F0E9FA98F80300C146000647D4A6
:103E20001021284600F0A0F9002841D01021A84612
:103E3000284600F060F999F803004D4640062BD55E
:103E4000404600F08FF980B26882298A88420ED2FB
:103E50002E640DE000F084F90146A8F80C1098F8E3
:103E6000021041F0400188F802100221D0E72C64D2
:103E7000401A296C08442862296B401A00D5404238
:103E8000B84200DD2962286A2863EC7000214046B0
:103E9000BDE8F04700F0E8BA4446404600F062F959
:103EA0002882E878022140F04000E8702046EFE7E1
:103EB000BDE8F087640000205601002004020020C5
:103EC00055010020540100205701002090010020DE
:103ED00091010020000401402DE9F041884605468B
:103EE0008AB001210220FFF7F5F801210420FFF735
:103EF000D9F84FF47070022603908DF810600320FB
:103F00008DF811000024414F8DF812408DF8136098
:103F100003A93846FDF708FD032206213846FDF7C0
:103F20003FFD032207213846FDF73AFD0322082111
:103F30003846FDF735FD032209213846FDF730FDEF
:103F4000334FADF814800695ADF81C40ADF816401F
:103F500005A9384600F0C6FA01250F20ADF800404B
:103F6000ADF80450ADF80800ADF80240ADF80640D9
:103F70006946384600F004F90420ADF80000ADF8B9
:103F80000450ADF80240ADF80640ADF8084069466F
:103F9000384600F0F5F80820ADF80000ADF8045000
:103FA000ADF80240ADF80640ADF808406946384625
:103FB00000F0E6F80C20ADF80000ADF80450ADF8C4
:103FC0000240ADF80640ADF808406946384600F0BA
:103FD000D7F82E208DF820008DF821608DF8226012
:103FE0008DF8235008A8FEF785FB01221E213846D4
:103FF00000F024F90121384600F08AF80121384602
:1040000000F07CF80AB0BDE8F08100000008024032
:10401000000401400248018821F00101018070473D
:10402000100401402DE9F0438946804601218BB000
:104030000804FFF74FF801211020FFF733F8254F50
:10404000032205213846FDF7ABFC03220621384642
:10405000FDF7A6FC02208DF8180003208DF819004A
:10406000002460268DF81A40012505968DF81B5016
:1040700005A93846FDF758FC174FADF81C90CDF850
:104080002080ADF82440ADF81E4007A9384600F066
:1040900029FAADF80060ADF80250ADF80C40694661
:1040A000384600F0D3F86946384600F00BF908218D
:1040B000384600F001F90821384600F04DF9012199
:1040C000384600F00BF80121384600F017F80BB025
:1040D000BDE8F08300100240004001400029018843
:1040E00002D041F0800101E021F0800101807047A1
:1040F000C94301827047C943018270470029018882
:1041000002D041F0010101E021F00101018070477E
:10411000002930F8441F02D041F4004101E0C1F30E
:104120000E010180704770B50589048B068C25F05F
:1041300007050D434FF6FC410C4040F201110C43C2
:104140004FF6FF7101EA031126F0220611433143B5
:1041500005810483018470BD406B7047806B70479C
:10416000C06B7047006C704702460020138A92892A
:104170000B4202EA010202D0002A00D0012070475F
:104180002DE9F0410C460E884988A288238905460E
:1041900016B3042E28D0082E2E8C4FF6FF702BD08D
:1041A00026F480562E84AF8B2E8C00EA022200EA81
:1041B000013127F473473A4300EA0330104326F4F1
:1041C00020420A4342F48051A8832984E18828468A
:1041D000BDE8F04100F07AB9FFF762FBE1882846BC
:1041E000BDE8F04100F056B9FFF771FBE1882846C1
:1041F000BDE8F04100F056B926F480762E84AF8BEE
:104200002E8C00EA012100EA0310104327F0F30787
:10421000384326F420620A4342F48071A88329843B
:10422000E1882846BDE8F04100F048B9002101804E
:10423000418001228280C18001817047002A8289E9
:1042400001D00A4300E08A438281704730B5028C76
:1042500022F001020284028C8388048B22F0020285
:1042600024F073050C882C438D8915434A882A4312
:104270000C4DA84202D00C4DA8420DD122F00805E9
:10428000CA8923F440732A4322F004058A882A430A
:104290000D8A1D434B8A2B438380048389684163C5
:1042A000028430BD0000014000040140028C22F075
:1042B00002020A4302847047028B22F008020A437A
:1042C0000283704770B5028C22F010020284028CC7
:1042D0008388048B0D8824F4E6464FF6FF7404EAC5
:1042E000052535438E8922F0200204EA061616437E
:1042F0004A8804EA02123243104EB04202D0104EF5
:10430000B04215D122F08006CA8923F4406304EA42
:104310000212324322F040068A8804EA0212324333
:104320000E8A04EA86061E434B8A04EA830333435B
:104330008380058389688163028470BD0000014029
:1043400000040140028C4FF6FF7322F0200203EAC2
:104350000111114301847047028B4FF6FF7322F461
:10436000006203EA012111430183704770B5028C9A
:1043700022F480720284028C8388848B0D8824F05E
:10438000730425438E894FF6FF7422F4007204EA09
:10439000062616434A8804EA02223243104EB042EF
:1043A00002D0104EB04215D122F40066CA8923F41F
:1043B000405304EA0222324322F480668A8804EAE7
:1043C000022232430E8A04EA06161E434B8A04EA8E
:1043D00003133343838085838968C163028470BD7E
:1043E0000000014000040140028C4FF6FF7322F4EC
:1043F000007203EA0121114301847047828B22F08D
:1044000008020A438283704770B5028C22F48052FE
:104410000284058C8288838B0C8823F4E6464FF651
:10442000FF7303EA0424344325F400568D8903EA1C
:10443000053535434E8803EA06362E43084DA8421B
:1044400002D0084DA84205D122F480450A8A03EA29
:1044500082122A438280848389680164068470BD45
:104460000000014000040140028C4FF6FF7322F46B
:10447000005203EA0131114301847047828B4FF6E9
:10448000FF7322F4006203EA012111438183704724
:1044900041627047028B22F00C020283028B0A43B6
:1044A00002837047028B22F440620283028B4FF634
:1044B000FF7303EA01210A4302837047828B22F0D3
:1044C0000C028283828B0A4382837047828B22F4A0
:1044D00040628283828B4FF6FF7303EA01210A4315
:1044E0008283704730B50288164C174DA0420DD01C
:1044F000A8420BD0B0F1804F08D0144B984205D0A1
:10450000134B984202D0134B984203D122F0700310
:104510004A881A43104B984206D0104B984203D059
:1045200022F440730A891A4302804A68C2620A88E8
:104530000285A04201D0A84201D1897A01860121D9
:10454000818230BD000001400004014000040040B1
:1045500000080040000C0040001000400014004023
:104560004FF0FF3141600021018001814180817263
:10457000704700000A2809DB0C48D0F80C0228B16B
:104580000B480078012801D000207047094A01201B
:1045900000211160084A1160084A51639163084A7A
:1045A000916391631164D1637047000000804142C0
:1045B000440100203444014034480140004001409F
:1045C0000000014070B52D4C40F22551204600F00E
:1045D000A1FA00284BD0204600F02AFBC1B228489F
:1045E0000068B0F57A7F42DB274A264C0025907997
:1045F0007B29215400D0D0B3401CC0B290710B284D
:1046000035D19571A07A7D2831D100210920FCF7A0
:1046100071FD617A88422AD11C4805701C480570DA
:104620001C4805701C4805701C4805701C48057026
:104630002179E07800F058FB1A4D85ED000AA17948
:10464000607900F051FB184880ED000A217AE0798A
:1046500000F04AFB1548164EF0EE400A007802289A
:1046600007D0217AE07900F03FFB86ED000A0020B8
:1046700070BD95ED000A00F0E1FAF6E70050004049
:10468000B0010020A8060020A8000020540100204E
:104690005601002055010020570100209101002003
:1046A000E801002070010020740100204501002075
:1046B0007801002070B5324D40F22551284600F0B7
:1046C00029FA002855D000240126284600F0B0FA27
:1046D000C1B22C480068B0F57A7F4ADB2B4B2A4DDB
:1046E000002218787B29295400D0E8B3401CC0B2BE
:1046F00018700B283DD11A70A87A7D2839D1002076
:10470000295C401C4C400928FADB687AA04200D0A2
:1047100056BB1F48017849B9012101701D4802703C
:104720001D4802701D4802701D4802701D4802702D
:104730002979E87800F0D8FA1B4C84ED000AA979B1
:10474000687900F0D1FA194880ED000A297AE879F1
:1047500000F0CAFA1648174EF0EE400A0078022818
:1047600009D0297AE87900E003E000F0BDFA86ED8F
:10477000000A002070BD94ED000A00F05FFAF6E731
:1047800000100140B001002038060020A8000020E1
:104790009001002055010020540100205601002006
:1047A00057010020E8010020700100207401002062
:1047B00045010020780100202DE9F04140F225510B
:1047C0002DED048B734800F0A5F9002872D07148D4
:1047D000001D008870490968B1F57A7F6ADB012104
:1047E00000246E4D412810D12A79412A0DD16C4AFE
:1047F000137853B96B4B1C706B4B1C7011706B4A68
:1048000014706B4A14706B4A1470C3B26A4A6B4FCF
:10481000DFF8ACC16B4E2B714B2808D0492808D06B
:104820004A2806D036782EB1012E0BD01EE031700A
:104830000CE03470A0F14106072E26D9082814DCBC
:10484000137013E0432809D047280BD03C708CF834
:104850000040412819D0452817D006E03C708CF85C
:10486000001002E039708CF8004014709FED560A79
:10487000564A9FED579A574E58280AD059280DD0BE
:104880007B2818D07D281CD00EE0A0F140061670C1
:10489000ECE7D6ED000A30EE800A03E0D6ED000A20
:1048A00030EEC00A86ED000A6878012804D002289C
:1048B00009D060E068E06970A8781354401CA870C3
:1048C00059E002206870D078502806D0507823280C
:1048D00048D0A878E87090462AE03F48017041E04F
:1048E000A978081A05F0EFF941EC110B9FED3B0B8D
:1048F00000F0AAFBEF78B0EE408A08EB0700F0EE7C
:10490000608A10F8010C303805F0DDF953EC182BF3
:1049100005F040FA41EC180BA86805F031FD53ECA6
:10492000182B04F08DFF04F059FF7F1EA860EF7074
:10493000E8780428D4D298F801003038032811D23E
:10494000DFE800F002070B0095ED020A86ED000A91
:1049500008E095ED020A234802E095ED020A22489C
:1049600080ED000A6C70AC70EC7085ED029A32211B
:104970001648FBF7F2FD96ED000AB5EEC00AF1EE1F
:1049800010FA01D286ED009A0020BDEC048BBDE840
:10499000F08100000044004004020020A800002034
:1049A000550100205401002056010020570100202D
:1049B0009001002091010020580100209201002068
:1049C00093010020940100200000C842430600200B
:1049D00000000000480100209501002000000000B8
:1049E000000024404C0100205001002070B52E4CE6
:1049F00040F22551204600F08DF800284DD0204689
:104A000000F016F9C1B229480068B0F57A7F44DB9E
:104A1000284A274D002450797B29295400D0E0B33F
:104A2000401CC0B250710B2837D15471A87A7D2830
:104A300033D100210920FCF75DFB697A88422CD133
:104A40001D4804701D4804701D4804701D48047002
:104A50001D4804701D4804701D4804702979E878C9
:104A600000F042F91B4C84ED000AA979687900F046
:104A70003BF9194880ED000A297AE87900F034F909
:104A80001648174EF0EE400A0078022807D0297A1F
:104A9000E87900F029F986ED000A002070BD94ED58
:104AA000000A00F0CBF8F6E700480040B001002013
:104AB000A8060020A8000020540100205601002074
:104AC0005501002057010020900100209101002095
:104AD000E801002070010020740100204501002041
:104AE0007801002000B5054B0022985C03F09EFC85
:104AF000521CD2B2182AF8D300BD0000760600205E
:104B00000029818902D041F4005101E021F40051D3
:104B10008181704770B501F01F0501260024C1F3A3
:104B2000421306FA05F2012B0FD0022B0FD0838A15
:104B30004FEA11210088134206FA01F600EA060046
:104B400001D000B10124204670BD8389F0E7038ABB
:104B5000EEE710B5C1F3421301F01F040121A1409B
:104B6000012B07D0022B07D01430002A026805D091
:104B70000A4304E00C30F8E71030F6E78A4302609D
:104B800010BD00007FB50446008A0D46C98820F498
:104B9000405001432182A08941F20C618843A988D9
:104BA0002A8911436A8902431143A181A08A20F412
:104BB0004071A8890843A0826846FEF7A3FA1A4804
:104BC000844202D01948844201D1039800E002983F
:104BD000A189090400EBC00101EB0010296801D58F
:104BE000490000E08900B0FBF1F06422B0FBF2F173
:104BF00009010B096FF018056B4300EB8300A389D3
:104C00001D044FF0320306D503EBC000B0FBF2F0F9
:104C100000F0070005E003EB0010B0FBF2F000F03D
:104C20000F00084320817FBD0010014000140140A7
:104C30008088C0F308007047FEE7000010B52DED36
:104C4000048BB0EE608AB0EE409ADFED238AB5EEB9
:104C5000C08AF1EE10FA3CD0B5EEC09AF1EE10FA2F
:104C600037D089EE080A01F035FFB4EEE80AF1EE1C
:104C700010FA0FD8B5EEC08AF1EE10FAB0EE490A7C
:104C800002DD01F027FF03E001F024FFB1EE400A4E
:104C900080EE288A1148B6EE001A90ED000A1048FE
:104CA000C9EE080A40EE010A90ED001A81EE200AD2
:104CB00010EE100A05F064FB41EC100B00F058F800
:104CC00051EC100B04F08AFD00EE100ABDEC048BD1
:104CD00010BD9FED040AF9E73333B33E8401002091
:104CE000880100200000000070B501EB002004B234
:104CF0004FF47A7594FBF5F005FB10402DED028B17
:104D000004F0E1FF9FED0B1B53EC112B05F042F873
:104D100041EC180B94FBF5F004F0D5FF53EC182B85
:104D200004F08EFD04F05AFDBDEC028B00EE100A7B
:104D300070BD0000FCA9F1D24D62503F03B4019850
:104D40004100009850EAC12018BF04204A0D18BF46
:104D500040F0010040F2FF72B2EB515F08BF40F03B
:104D60000200012808BF052002B0704700000000C3
:104D700070B59B482DED020B2DED068B079D25F0A0
:104D80000044A04218DC9748844202DC0AD106980D
:104D900040B19DED060BBDEC068B02B0BDE8704046
:104DA00001F052BC002DCCBF9FED8F0B9FED900BFF
:104DB000BDEC068B02B070BD8F48A04215DD8F4858
:104DC000A042D8BF4FF0FF3458DD9DED060B51ECEB
:104DD000100BFFF7B3FF042808BF01F069FC9DED3D
:104DE000060BBDEC068B02B070BD9DED060B51ECC1
:104DF000100B01F063FECDE9060181489FED828B27
:104E0000A0423CDD8248A0421FDD00249FED82AB22
:104E10009DED060B53EC1A2B51EC100B04F010FD1A
:104E20009DED060B41EC190B53EC1A2B51EC100BBA
:104E300004F0B0FF53EC182B05F0B8F953EC192B24
:104E400004F0BAFDCDE9060149E09DED060B012411
:104E500053EC182B51EC100B04F0F2FC9DED060BFB
:104E600041EC190B53EC182B51EC100B05F09EF98B
:104E700053EC192B04F0A0FDCDE906012FE06848A2
:104E8000A0421FDD02249FED689B9DED060B53ECB5
:104E9000192B51EC100B04F07DFF53EC182B04F090
:104EA000CFFC9DED060B41EC180B53EC192B51EC8C
:104EB000100B05F07BF953EC182B04F07DFDCDE9C8
:104EC00006010CE09DED060B032453EC102B9FED27
:104ED000580B51EC100B04F06FFDCDE906019DED70
:104EE000060B53EC102B51EC100B04F053FF41EC6C
:104EF000180B53EC182B04F04DFF41EC190B4E48E6
:104F00000621B0EE490AF0EE690A784401F060F932
:104F100053EC182B51EC100B04F03CFF41EC180B38
:104F20004648B0EE490AF0EE690A0521784401F0DE
:104F30004FF953EC192B51EC100B04F02BFF41EC03
:104F4000100B51EC180B53EC102B002C0EDA04F064
:104F500077FC9DED061B53EC112B04F01BFF9DED20
:104F6000061B53EC112B05F049F835E004F068FC02
:104F70009DED061B53EC112B04F00CFF41EC100BC4
:104F80002F48784400EBC40090ED001B51EC100B4F
:104F900053EC112B05F00AF99DED061B53EC112B78
:104FA00005F004F941EC100B2648784400EBC400EE
:104FB00090ED001B51EC100B53EC112B05F01EF87B
:104FC00041EC100B002DA2BFBDEC068B02B070BDF2
:104FD00051EC100B04F0F6FB41EC100B01E7000064
:104FE000000010440000F07F182D4454FB21F93FCD
:104FF000182D4454FB21F9BF0000DC3F0000203E87
:105000000000F33F00000000000000000000F03F3F
:105010000000E63F0000000000000000000000402B
:105020000080034000000000000000000000F83F86
:10503000000000000000F0BF6A6B0000206B000061
:10504000AA6A0000626A00002DE9F04D2DED040B04
:105050002DED0E8B96B0DDE92550279CDDF890A054
:1050600025F0004624F00048BAF1000F14BF0121DA
:10507000002101EB4502FC4953184A1093422AD300
:10508000002814BF0123002303EB44030B44F7491A
:105090008B4220D358EA00019FEDF59B76D0DFF8D4
:1050A000D8B35D4503D1BAF1000F05D188E0BAF15C
:1050B000000F08BF002100D0012101EB450111F5CF
:1050C000001F08D8002814BF0121002101EB440172
:1050D00011F5001F0BD99DED261B9DED240B16B07D
:1050E000BDEC0E8B04B0BDE8F04D01F0B7BA00275F
:1050F000002DBCBFE149884521DAE1498845A8BFB8
:1051000002271CDAC3451ADCDE4901EB28511429B9
:1051100008DDC1F1340220FA02F101FA02F2824202
:105120000DD108E058B9C1F1140228FA02F101FAD0
:1051300002F2424503D101F00101C1F1020756EA32
:105140000A0124D1002C22DA002D18BF022F01D031
:10515000012F0AD00220FBF72BFA16B0BDEC0E8B04
:1051600004B0BDE8F04D01F057BA0220FBF720FA79
:1051700001F052FA51EC100B04F024FB41EC100B3F
:1051800016B0BDEC0E8B04B0BDE8F08D18E09FEDBD
:10519000BEAB9FEDBF8B002871D1B848804522D1AE
:1051A00005F1804010F5801008BFBAF1000F07D05C
:1051B000B3450ADC002CA8BF9DED260BE0DA0DE01C
:1051C000B0EE490AF0EE690ADAE7002C06DA9DED46
:1051D000260B51EC100B04F0F5FA6FE0AE48784462
:1051E00090ED000BCCE7D8454DD1002C48DA2EB11C
:1051F00086423AD1BAF1000F42D126E0BAF1000F4F
:1052000013D00220FBF7D4F901F042FA8DED020B26
:105210009DED240B8DED000B10EE900A039961F3C8
:105220001E0003909DED020BAAE78DED02AB9DEDF4
:10523000240B1AEE901A10EE900A8DED000B61F31C
:105240001E0003909DED020B9AE78DED028B9DED04
:10525000240B18EE901A10EE900A8DED000B61F3FE
:105260001E0003909DED020B8AE709DA9DED240BE9
:1052700051EC190B53EC102B04F09EFB1EE020E0C8
:105280009DED240B7CE786421BDAB4F1804F0DD0F4
:10529000A4F10050B0F1FF5013D1002D11DB9DEDB2
:1052A000240B51EC100B02F02BFE07E09DED240BBC
:1052B00053EC102B51EC100B00F0C2BC41EC100B66
:1052C0005EE79DED240B51EC100B01F0F7FBBAF1FA
:1052D000000FCDE90E0142D19FED710B46B3A6F14F
:1052E000E040B0F17F600CD05E4538D1002D00DA8F
:1052F000A7B3022F0CBF01204FF0FF3004F0E3FCF6
:10530000DCE7002D01DD002C0DDA002D01DD002C85
:105310001FDB002D16DA002C14DB012F08BF9FEDD8
:10532000620B3FF42DAFB0EE4A0AF0EE6A0A27E7AF
:10533000022F18BF002D0CD0012F0AD1002DFFF62F
:105340001FAF06E0002DB8BF002C08DA012F3FF494
:1053500017AFB0EE480AF0EE680A11E71BE0012033
:1053600000EBE57050EA070115D0791EB0EE498ACE
:10537000F0EE698A084308BF9FED4D8B4E4800252B
:10538000804570DD4D494E48884514DDB0420DDB47
:10539000002C19DB2FE00120FBF70AF916B0BDEC59
:1053A0000E8B04B0BDE8F04D01F062B9B34502DCEC
:1053B000002C09DC1FE0864202DA002C1BDA03E035
:1053C0005E452BDD002C16DD0220FBF7F1F801F025
:1053D0005FF98DED020B53EC1A2B51EC180B04F016
:1053E000D9FCCDE900010399019861F31E000390F7
:1053F0009DED020BC4E60220FBF7DAF801F058F944
:1054000010EE901A18EE900A8DED020B8DED008BC8
:1054100061F31E0003909DED020BB1E69DED0E0BB6
:1054200053EC192B51EC100B04F0C0FE9FED260B32
:10543000CDE9080153EC102B9DED080B51EC100B3E
:1054400004F0A8FC9FED221B53EC112B04F0D6FDB9
:105450009DED081B53EC112B04F09CFC9FED1E1BD3
:1054600053EC112B3CE08CE0FFFF1F00FFFF0F000F
:10547000000000000000F03F0000F03F0000F07F5F
:105480000000404301FCFFFF000000000000F07F2F
:1054900000000000000000004E6900000000000055
:1054A0000000000000000080000000000000F0FF8D
:1054B000000000000000F0BF0000E0410000F043E9
:1054C000FFFFEF3F00000000000000000000D03FA1
:1054D000555555555555D53F000000000000E03F9B
:1054E00004F08CFD9DED080B41EC1A0B53EC102BD6
:1054F00051EC100B04F04EFC53EC1A2B04F04AFC58
:1055000041EC1A0B9FEDFE0B53EC102B9DED080B9D
:1055100051EC100B04F03EFC41EC1B0B9FEDFA0B21
:1055200051EC1A0B53EC102B04F034FC41EC1A0B29
:105530009FEDF70B53EC102B9DED080B51EC100B6E
:1055400004F028FC53EC1A2B04F030FE41EC1A0B4B
:1055500051EC1B0B53EC1A2B04F072F90690CDE9B9
:1055600006519DED060B53EC1B2B51EC100B04F078
:105570001DFE53EC1A2B04F041FD41EC100B00F022
:10558000A1B90020B6F5801F0EDA9FEDE30B53ECB6
:10559000102B9DED0E0B51EC100B04F0FBFBCDE935
:1055A0000E016FF034000E4600EB2650A0F2FF37DC
:1055B000C6F31300DA4940F07F6646F04056884251
:1055C000D8BF002408DDD7498142C8BF012403DCCD
:1055D0000024A6F580167F1CD348784400EBC40055
:1055E0000F9690ED00CB9DED0E0B53EC1C2B51EC68
:1055F000100B04F0DBFD9DED0E0B41EC1B0B53EC8F
:105600001C2B51EC100B04F01BF941EC100B51EC6E
:10561000190B53EC102B04F0CFF941EC1D0B51EC9E
:105620001B0B53EC1D2B04F0B5FB41EC1A0BBF48D0
:105630008DED10AB7844109590ED000B4FF00050BD
:1056400040EA660000EB84408DED080B00F5002079
:1056500009909DED080B53EC1C2B51EC100B04F042
:10566000A5FD9DED0E1B53EC112B04F0C7FC41EC86
:10567000100B53EC102B9DED100B51EC100B04F0A4
:1056800089FB9DED080B41EC1C0B53EC102B9DEDA1
:10569000100B51EC100B04F07DFB53EC1B2B04F0B2
:1056A000ADFC53EC1C2B04F081FD53EC1D2B04F0DE
:1056B00071FB41EC1C0B53EC1A2B51EC1A0B04F050
:1056C00069FB41EC1B0B9A480621B0EE4B0AF0EE49
:1056D0006B0A784400F07CFDB0EE401AF0EE601AE0
:1056E000B0EE41DAF0EE61DA53EC1B2B51EC1B0B00
:1056F00004F050FB53EC1D2B04F04CFB9DED100B04
:1057000041EC1B0B53EC1A2B51EC100B04F098F8E6
:1057100053EC1C2B04F03EFB53EC1B2B04F090F8D5
:105720009DED100B41EC1B0B53EC102B51EC100BAF
:1057300004F030FB41EC1D0B9FED7FEB53EC1E2B77
:1057400004F07EF853EC1B2B04F07AF80890CDE9B6
:1057500008519DED080B53EC1E2B51EC100B04F07F
:1057600025FD53EC1D2B04F021FD53EC1B2B04F005
:1057700045FC9DED080B41EC1D0B53EC102B9DEDF2
:10578000100B51EC100B04F005FB41EC1B0B53EC20
:105790001A2B51EC1D0B04F0FDFA9DED080B41ECAA
:1057A0001A0B53EC102B51EC1C0B04F0F3FA53ECD6
:1057B0001A2B04F045F841EC1A0B51EC1B0B53EC7F
:1057C0001A2B04F03DF80C90CDE90C519DED0C0B1B
:1057D00053EC1B2B51EC100B04F0E8FC53EC1A2B90
:1057E00004F00CFC41EC1B0B9FED550B53EC102B04
:1057F0009DED0C0B51EC100B04F0CCFA41EC1A0BA4
:105800009FED510B51EC1B0B53EC102B04F0C2FA23
:1058100041EC1B0B9FED4E0B53EC102B9DED0C0B35
:1058200051EC100B04F0B6FA53EC1B2B04F008F803
:1058300041EC100B4848784400EBC40090ED001B8D
:1058400051EC100B53EC112B03F0FAFF41EC1B0B46
:10585000384604F038FACDE9080153EC1B2B51EC23
:105860001A0B03F0EDFF41EC100B3C48784400EBC1
:10587000C40090ED00CB51EC100B53EC1C2B03F04B
:10588000DFFF9DED081B53EC112B03F0D9FF0690B1
:10589000CDE906519DED080B53EC102B9DED060B49
:1058A00051EC100B04F082FC53EC1C2B04F07EFC3A
:1058B00053EC1A2B04F07AFC53EC1B2B04F09EFBE8
:1058C00041EC100B9DED261B53EC102B8DED001BB6
:1058D00000959DED260B51EC100B04F05BFA9DED4D
:1058E000000B41EC1A0B53EC102B9DED260B51ECE9
:1058F000100B04F05BFC9DED061B53EC112B2FE00D
:10590000000000604715F73FFE822B654715F73F03
:1059100044DF5DF80BAE543E000000000000404341
:105920008E9803007AB60B00CA640000F864000089
:1059300002640000000000000000000000000840B9
:10594000000000E009C7EE3FFD033ADC09C7EE3F67
:10595000F5015B14E02F3EBE8E620000486200003D
:1059600004F018FA53EC1A2B03F06AFF9DED060BB6
:1059700041EC1A0B53EC102B9DED000B51EC100B6E
:1059800004F008FACDE90C019DED0C0B51EC1A0B5B
:1059900053EC102B03F054FFCDE902010C46AA4949
:1059A0008C422FDB611A084318D19DED0C0B53EC90
:1059B000102B9DED020B51EC100B04F0F7FB41ECAA
:1059C0001B0B9FEDA30B51EC1A0B53EC102B03F0A8
:1059D00037FF53EC1B2B04F0DBFA2DD20220FAF731
:1059E000E7FD00F055FE10EE901A18EE900A8DEDCE
:1059F000020B8DED008B61F31E0003909DED020BF9
:105A0000FFF7BEBB944A24F00041914214D393495E
:105A1000214408437FF4EFAC9DED0C0B53EC102BAD
:105A20009DED020B51EC100B04F0C0FB53EC1A2B54
:105A300004F0AEFA7FF6DFAC24F000408849894AD2
:105A4000002601EB205182422BDA481C4FF48011D2
:105A500021FA00F02044844AC0F30A517A44A1F2AA
:105A6000FF3192ED000B814A8DED080BCA4020EA10
:105A70000202C0F3130040F48010C1F1140120FAB7
:105A800001F60992002CB8BF76429DED080B53EC4D
:105A9000102B9DED0C0B51EC100B04F087FBCDE9A6
:105AA0000C019DED0C0B51EC1A0B53EC102B03F079
:105AB000C7FE9FED6F0B0890CDE9085153EC102BFA
:105AC0009DED080B51EC100B04F064F941EC1B0B3D
:105AD0009FED690B53EC102B9DED080B51EC100B57
:105AE00004F058F99DED0C0B41EC1C0B53EC102B02
:105AF0009DED080B51EC100B04F058FB53EC1A2BE6
:105B000004F07CFA9FED5E1B53EC112B04F042F97C
:105B100053EC1C2B03F094FE41EC1A0B51EC1B0BC5
:105B200053EC1A2B03F08CFECDE902019DED020B24
:105B300053EC1B2B51EC100B04F038FB53EC1A2BDD
:105B400004F05CFA9DED020B41EC1A0B53EC102BA8
:105B500051EC100B04F01EF9CDE908014A489DED07
:105B6000080B0521784400F033FB9DED081B51EC38
:105B7000100B53EC112B04F00DF99DED021B53ECAF
:105B8000112B04F03BFACDE906019DED020B53EC1D
:105B90001A2B51EC100B04F0FDF853EC1A2B03F008
:105BA0004FFE9FED3B0B41EC1A0B53EC102B9DED80
:105BB000060B51EC100B04F0F9FA9DED060B41ECCD
:105BC0001B0B53EC102B9DED020B51EC100B04F052
:105BD000E1F853EC1B2B03F0EFFE53EC1A2B04F00F
:105BE000E5FA9DED021B53EC112B04F0DFFA53ECA8
:105BF000192B04F003FACDE9020101EB065001155F
:105C00000029C8BF039015DC9DED020B324651EC14
:105C1000100B04F062FCFFF791F8042808BF00F0B5
:105C200047FD32469DED020B51EC100B04F055FC84
:105C3000CDE902019DED020B51EC180B53EC102B3A
:105C400004F0A8F8FFF73ABB000090400000000005
:105C5000FE822B654715973C00CC904000346F3F87
:105C600001FCFFFF0000E03FD0600000FFFF0F00DD
:105C700000000000432EE63F396CA80C615C20BE9A
:105C8000EF39FAFE422EE63FA05F00000000000060
:105C9000000000000000004000B52DED048BB0EEC8
:105CA000409AF0EE609A83B051EC190B04F0B2F90F
:105CB00041EC180B18EE100A18EE901A8DED008BBF
:105CC000002818BF0120084320F00040C0F17F6089
:105CD00000F1E040C00F14D019EE101A19EE900A2E
:105CE0008DED009B002918BF0121084320F00040E2
:105CF000C0F17F6000F1E040C00F04BF0120FAF75F
:105D000057FCB0EE480A03B0F0EE680ABDEC048B15
:105D100000BD00000000000010B51D499FED1A1BDA
:105D20002DED020B84B0059820F000408842DCBFC6
:105D300001209DED040B21DD1649884209D104980C
:105D400040B94FF00100FAF733FC00F091FC06B0C7
:105D500010BD05DB9DED040B00F076FC06B010BD18
:105D600068469DED040B00F017F800F001000121DA
:105D7000A1EB40009DED021B9DED000B00F0A4FA8D
:105D800006B010BD00000000000000000000000090
:105D9000FB21E93F0000F07F2DE9F14F04462DED96
:105DA000020B2DED088B8AB09FEDE70B80ED020B07
:105DB000139EE74826F0004585420ADC9DED120B54
:105DC000002084ED000B0AB0BDEC088B03B0BDE8E9
:105DD000F08FE0489FEDE0AB9FEDE1BBA84247DDCF
:105DE000E14F9FEDE39B9FEDE48B9DED120B53EC98
:105DF0001A2B51EC100B002E1CDD04F0D7F941ECEE
:105E0000100BBD4208D053EC1B2B51EC100B04F0CF
:105E1000CDF9C4E900010BE053EC192B51EC100B48
:105E200004F0C4F953EC182B04F0C0F9C4E90001E4
:105E30000120C8E703F004FD41EC100BBD4208D07F
:105E400053EC1B2B51EC100B03F0FAFCC4E90001DE
:105E50000BE053EC192B51EC100B03F0F1FC53EC5D
:105E6000182B03F0EDFCC4E900014FF0FF30AAE766
:105E7000C348A84279DB9DED120B51EC100B00F0EA
:105E80001DFE41EC180B9FEDC00B53EC102B03F0E3
:105E900081FF9FEDBF1B53EC112B03F0D1FC03F0EE
:105EA000E3FE074603F00FFF41EC190B53EC1A2BEE
:105EB00003F070FF53EC182B04F0A0F841EC180B22
:105EC00053EC1B2B51EC190B03F064FFDFF8C8A255
:105ED00041EC100B4FEA15580125FA4453EC102BF6
:105EE00051EC180B04F062F9032DC4E900013DD018
:105EF000C1F30A5005EB4511A8EB000011398142AE
:105F000034DA0AEB051BB0EE48AA9BED000BF0EE6D
:105F100068AA53EC102B51EC190B03F03BFF41EC3A
:105F20001B0B51EC1A0B53EC1B2B04F03FF941EC0B
:105F3000180B51EC1A0B53EC182B04F037F953ECF7
:105F40001B2B04F033F99BED020B41EC1A0B53ECC5
:105F5000102B51EC190B03F01DFF53EC1A2B04F01E
:105F600025F941EC100B6D1CB8E70EE0002EA8BF20
:105F70003846BFF628AF94ED000B51EC100B03F040
:105F800021FCC4E9000178421DE7C6F3130040F488
:105F9000801EC6F30A50A0F2F530471100F01F052D
:105FA000C5F12000DDF848B0089000200690079069
:105FB0000520EC467949002D07EB0002794408BF23
:105FC00051F8221009D051F8223001EB8201AB4088
:105FD0004A68089922FA01F11943A1FB0E26A1FB98
:105FE0000B131A449A4234BF0123002303EB060823
:105FF0000CEB8003D3E901A60E448E4234BF01218D
:10600000002192448A4411B1924502D903E092459D
:1060100001D2012100E00021C3E901A641444CF86E
:106020002010011EA0F10100C4DC029800F1005014
:10603000850F0298DDE903678000DDF8148003F026
:1060400042FE41EC1A0B304603F054FE9FED541B08
:1060500053EC112B03F09EFE41EC1B0B384603F072
:1060600049FE9FED511B53EC112B03F093FE41ECC5
:10607000180B404603F03EFE9FED4D1B53EC112BD9
:1060800003F088FE41EC190B51EC180B53EC192B63
:1060900003F0D6FB53EC1B2B03F0D2FB53EC1A2B73
:1060A00003F0CEFBCDE90801002008909DED080B20
:1060B00053EC1A2B51EC100B04F078F853EC1B2B1B
:1060C00004F074F853EC182B04F070F853EC192B0F
:1060D00003F094FF9FED381B53EC112B03F05AFE95
:1060E0009FED370B41EC180B53EC102B9DED080B7B
:1060F00051EC100B03F04EFE53EC182B03F0A0FBF9
:106100009FED310B41EC180B53EC102B9DED080B60
:1061100051EC100B03F03EFE53EC182B03F090FBF8
:1061200041EC100B139810F0004F06D06D4251EC6B
:10613000100B03F047FB41EC100B284684ED000BDD
:1061400041E6000000000000000000000000000028
:10615000FB21E93F7CD9024000004054FB21F93F7C
:106160003163621A61B4D03DFB21F93F00000000A9
:106170000000601A61B4D03D7370032E8A19A33BEE
:10618000FB2139410000000083C8C96D305FE43F46
:10619000000000000000E03F5A5C0000A85B000027
:1061A000000000000000103E000000000000103C55
:1061B000000000000000103A182D4454FB21F93D66
:1061C0003326A611460B113C00000054FB21F93D7B
:1061D00070B504462DED028B4D1E00EBC500B0EEF0
:1061E000408AF0EE608A90ED000B35F0060017D083
:1061F00053EC182B51EC100B03F0CCFD41EC100BC1
:106200006D1E04EBC50090ED001B51EC100B53EC20
:10621000112B03F015FB41EC100B35F00600E7D114
:10622000022D36D0042D1CD0062D1CBFBDEC028BD8
:1062300070BD53EC182B51EC100B03F0ABFD94ED3B
:106240000A1B53EC112B03F0FBFA53EC182B03F051
:10625000A1FD94ED081B53EC112B03F0F1FA41EC76
:10626000100B53EC182B51EC100B03F093FD94ED35
:10627000061B53EC112B03F0E3FA53EC182B03F03D
:1062800089FD94ED040B53EC102B03F0D9FA41EC8B
:10629000100B53EC182B51EC100B03F07BFD94ED1D
:1062A000021B53EC112B03F0CBFA53EC182B03F029
:1062B00071FD94ED001B53EC112B03F0C1FABDEC02
:1062C000028B41EC100B70BDF1B506462DED040BB1
:1062D000BD482DED0C8B8AB0B0EE418AF0EE618A9C
:1062E000179D25F000449FEDBABB9FEDBBCB8442C8
:1062F00008DA9DED160B51EC100B03F0B5FC0028ED
:1063000000F0E980B64FA74231DC002D0DDA9DED9B
:10631000160B51EC100B03F055FACDE9160151ECB8
:10632000180B03F04FFA41EC180B9FEDAF0B53EC39
:10633000102B9DED160B51EC100B03F05FFE53EC90
:10634000182B9FEDAB0BCDE9040151EC100B03F0C2
:106350002DFF41EC100B53EC102B9DED040B51EC79
:10636000100B03F06DFA9FEDA48BCDE916019DEDA6
:10637000160B53EC102B51EC100B03F00BFDCDE979
:1063800004019DED040B53EC102B51EC100B03F0AA
:1063900001FD41EC190B9A480621B0EE490AF0EED6
:1063A000690A7844FFF714FF9648B0EE40DAF0EE41
:1063B00060DAB0EE490AF0EE690A06217844FFF788
:1063C00007FF9DED041B51EC100B53EC112B03F058
:1063D000E1FC9DED040B41EC1A0B53EC102B9DEDF1
:1063E000160B51EC100B03F0D5FC41EC190B53ECE0
:1063F0001A2B51EC1D0B03F023FA53EC192B03F06D
:10640000C9FC53EC182B03F01BFA9DED041B53EC55
:10641000112B03F0BFFC53EC182B03F011FA41ECE5
:10642000180B9FED790B51EC190B53EC102B03F06B
:10643000B1FC53EC182B03F003FA41EC190B9DED62
:10644000160B53EC192B51EC100B03F0F9F941EC3E
:10645000180BA74269DC304603F035FC41EC1A0BFF
:1064600051EC180B53EC1A2B03F0EAF941EC1B0B1F
:1064700053EC182B51EC180B03F08CFC53EC1B2B3A
:1064800003F09AFA53EC192B03F090FE9DED161BC6
:1064900053EC112B03F0B2FD9FED5D1B53EC112B60
:1064A00003F078FC53EC1A2B03F0A8FD41EC180B19
:1064B000022000EAA570C0F1010003F004FC53ECD7
:1064C000182B03F067FC00BF41EC100B0AB0BDECC9
:1064D0000C8B05B0F0BD711C1698214308430CD0FD
:1064E0009DED160B012E1CBF53EC102B51EC1C0B19
:1064F00010D000BF03F060FAE6E79DED160B51ECFB
:10650000100B00F0DBFA41EC100B51EC1B0B53ECC1
:10651000102BEFE751EC100BFEF710FC042808BF1E
:1065200000F0C6F89DED160BD0E7012E04BFB0EECB
:10653000480AF0EE680AC9D08DED048B002404945B
:106540009DED040B53EC102B9DED160B51EC100B35
:1065500003F054FD53EC192B03F050FD41EC190BE3
:1065600053EC182B51EC1C0B03F026FA41EC180BE2
:106570008DED008B00949DED040B53EC102B9DEDE5
:10658000000B51EC100B03F005FC53EC1B2B03F03C
:1065900057F99DED000B41EC1A0B53EC192B51EC04
:1065A000100B03F0F7FB53EC1A2B03F049F953ECF3
:1065B000182B03F0EFFB9DED001B53EC112B03F0A8
:1065C0003FF981E7000000000000303E00000000BD
:1065D000000000000000F03F000000000000F0BFDD
:1065E0002894E53F00000000182D4454FB21E93FAA
:1065F000075C143326A6813C000000000000000068
:106600005A58000070580000635555555555D53FF0
:1066100000000000000000409FED070B10B553EC98
:10662000102B9FED070B51EC100B03F0C5F941EC5B
:10663000100B10BD00000000000000000000000072
:10664000000000000000F03F10B553EC102B51EC9F
:10665000100B03F0F5F841EC100B10BD10B553EC26
:10666000112B51EC100B03F0EBF841EC100B10BDAB
:106670009FED050B10B553EC102B51EC100B03F0F4
:106680009BF941EC100B10BD000000000000000061
:106690009FED050B10B553EC102B51EC100B03F0D4
:1066A00079FB41EC100B10BD0000000000000070F1
:1066B0009FED050B10B553EC102B51EC100B03F0B4
:1066C00069FB41EC100B10BD000000000000001041
:1066D0007047000030B5204AD2F800421F4B00211D
:1066E0002CB1D981D2F80052012425B106E0DC8911
:1066F000641CDC81F6E71D7905B91C715D794DB923
:106700001D79012D03D19D796D1C9D715C719C7962
:10671000022C04D0D2F80022012A04D005E099719D
:106720009981022030BD197159719A79012A11D1CC
:106730009A89521C92B29A81824206D9DA8982429F
:1067400003D299719981012030BDDA89824201D941
:1067500099719981002030BD000042422000002044
:1067600008B500F0CBF900900A21684602F028F83D
:1067700000F004F8FEF7B6F9F6E700002DE9F04165
:10678000914C7B202DED068BF5EE004AF6EE00AA2B
:1067900020767D20DFF838828E4E84F82E00D8EDEA
:1067A000000A96ED001A8C4F8C4970EE811A97ED15
:1067B000003AD1ED002A854831EE830A884A0078F4
:1067C000884B30EE220A20EE240A9FED878A61EE84
:1067D000AA1A92ED002A20EE080A002561EE881A16
:1067E0000628FDEEC03A93ED000AFDEEE11A32EE06
:1067F000004A31EE602A6FD2DFE800F0032098985B
:10680000879830EEC10A13EE900A608330EE030AD7
:1068100030EE620A20EE240A20EE080ABDEEC00A1D
:1068200010EE100AB1EE600AA08330EE410A30EE9D
:10683000030A30EE220A20EE240A74E09FED6B0B6F
:10684000FFF72AFA9FED6B1B51EC100B53EC112B49
:1068500003F0A0FA97ED00AAD6ED008A41EC190BDF
:106860003AEE680A20EE2A0A10EE100A03F088FDBC
:1068700053EC192B03F0A0F89FED601B53EC112B88
:1068800003F088FA03F0F0F9608398ED000AB0EEA7
:10689000001AF0EE680A50EE010A30EE280A70EE97
:1068A000CA1AF0EE080A81EEA01A21EE081ABDEE0F
:1068B000C11A11EE100A30EE0A1AA083514881EE77
:1068C000200A90ED001AC0EE010A20EE880ABDEE03
:1068D000C00A10EE100AE0834B48DFF830C14C4F7D
:1068E000B0F902306384018849420AB2A284B0F947
:1068F0000410E184BCF902002085BCF800607642F7
:1069000036B266853F78C7B119E0B1EE410A13EEA1
:10691000900A30EE600A6083A58330EE030A30EE01
:10692000220A20EE2A0AC0EE040ACEE7C2EE000ACE
:1069300011EE900A6083A583C7E7BCF80450A585D3
:10694000344D95ED000A20EE080ABDEEC00A10EEA7
:10695000105A258494F818C084F800C06770678BBB
:106960004FEA172C84F802C0E770A78B4FEA172C68
:1069700084F804C06771E78B4FEA172C84F806C0CF
:10698000E7711F0A27726372130AA372E2720A0A7E
:1069900022736173010AA173E073300A2074667474
:1069A000A08D010AA174E074280A20756575012183
:1069B0001620FAF79FFBA07594F82E00E075BDEC49
:1069C000068BBDE8F081000076060020450100201E
:1069D000205A0020345A0020485A00205C5A0020D7
:1069E000880100208401002000007A44000000009B
:1069F00000000840000000000000E03F0000000030
:106A000000408F408C0100200E0200200802002070
:106A1000440100201800002010B504460420FCF7B3
:106A2000FBFE0A484FF47A71047014FB01F1012255
:106A300042804FF0E020026942F0020202614161AF
:106A4000016941F00101016110BD0000B4000020A6
:106A500070B5044602F05AFC01280CD0094D688834
:106A6000844203D3B4FBF0F001F074FE6888B4FBF9
:106A7000F0F100FB11444FF47A706043BDE87040C0
:106A800000F002B8B400002070B54FF0E0250021FE
:106A90006C69094AAB6912785043AA699A42FCD0E2
:106AA00002D2A3EB020302E0A4EB02063344194432
:106AB00013468142F1D370BDB400002082B0CDE90D
:106AC000000121F0004001909DED000B02B051EC5F
:106AD000100B7047B5EEC00AF1EE10FA01DAB1EE14
:106AE000400A704704490A885206FCD5024AC1B2DE
:106AF000121D1180704700000044004010B502F0E4
:106B000005FC012803D0BDE8104002F00DBC01488F
:106B1000406810BDB4000020054C064DD4F8B0020A
:106B2000C043C4F8B002286801F014FEF6E7000084
:106B300000004042340000201CB501F091FA0749E2
:106B40000120CDE900010202002305A1074802F05F
:106B5000B1FB01F0B5FF00201CBD000000000020CB
:106B600073746172745F7461736B0000717F0008ED
:106B70000346012000E05843491EC9B2FBD27047CA
:106B80002DE9F0434FF4AD702DED028B81B0FE4C3A
:106B90000A2120600920FBF7B5F8216890FBF1F08D
:106BA000052800DD0520F94991ED000ADFEDF80A1E
:106BB000DFF8E093F84920EE200ABDEEC00A89ED27
:106BC000050AD9F81020521CC9F8102009680029BC
:106BD00077D106280BD2DFE800F003051A1C1E202F
:106BE000EEA200E0EFA200210846FBF72DFFEF4FD9
:106BF000EF4E0C24387890B1012810D002282DD007
:106C000003282BD0042829D0052827D04CE3E9A25B
:106C1000E9E7EAA2E7E7EBA2E5E7ECA2E3E7EDA20A
:106C200000213720FBF710FFB6F90400002809DA2D
:106C3000E9A200215020FBF707FF0094B6F90400F9
:106C4000424207E0E5A200215020FBF7FDFE009440
:106C5000B6F90420052300215A201EE0E0A20021FD
:106C60003720FBF7F1FEE04DB5F90400002809DA02
:106C7000D9A200215A20FBF7E7FE0094B5F90400E1
:106C8000424207E0D5A200215A20FBF7DDFE009426
:106C9000B5F90420032300216420FBF799FE38781E
:106CA0009FEDD28ADFEDD28AD24D58B1012809D0AA
:106CB000042807D0022850D003284ED005284CD0F5
:106CC000F2E252E3CCA20A210020FBF7BDFE95EDD3
:106CD000020AB5EEC00AF1EE10FA0AD2BEA20A21EB
:106CE0000F20FBF7B1FE009495ED020A20EE080A92
:106CF00009E0BAA20A210F20FBF7A6FE009495ED49
:106D0000020A20EE280A05230A211420BCEEC00A3C
:106D100010EE102AFBF75CFE95ED000AB5EEC00AF6
:106D2000F1EE10FA0AD2ACA20A213C20FBF78CFE4D
:106D3000009495ED000A20EE080A09E0A7A20A21B6
:106D40003C20FBF781FE009495ED000A20EE280A16
:106D5000BCEEC00A10EE102A1AE0A8A20A210020F8
:106D6000FBF772FEB6F90400002809DA9AA20A219C
:106D70003C20FBF769FE0094B6F90400424207E0AC
:106D800096A20A213C20FBF75FFE0094B6F904208E
:106D900005230A214B20FBF71BFE3878994EB84695
:106DA00050B1012808D0042806D002287DD003283D
:106DB0007BD0052879D077E293A214210020FBF73D
:106DC00043FE96ED020AB5EEC00AF1EE10FA0AD2C1
:106DD00081A214210F20FBF737FE009496ED020AE2
:106DE00020EE080A09E07DA214210F20FBF72CFEFB
:106DF000009496ED020A20EE280A14210523084685
:106E0000BCEEC00A10EE102AFBF7E2FD96ED000A78
:106E1000B5EEC00AF1EE10FA0AD26FA214213C209E
:106E2000FBF712FE009496ED000A20EE080A09E036
:106E30006AA214213C20FBF707FE009496ED000A9D
:106E400020EE280A052314214B20BCEEC00A10EEC8
:106E5000102AFBF7BDFD6DA21E210020FBF7F4FDFB
:106E60006B4F97ED020AB5EEC00AF1EE10FA0AD2A6
:106E700059A21E210F20FBF7E7FD009497ED020AAF
:106E800020EE080A09E055A21E210F20FBF7DCFDC9
:106E9000009497ED020A20EE280A05231E211420F3
:106EA000BCEEC00A10EE102A00E01AE0FBF790FDDD
:106EB00097ED000AB5EEC00AF1EE10FA08D246A22C
:106EC0001E213C20FBF7C0FD009497ED000ADEE098
:106ED00042A21E213C20FBF7B7FD009497ED000A6B
:106EE000E1E04CA214210020FBF7AEFD95ED020A73
:106EF000B5EEC00AF1EE10FA0AD237A214210F2023
:106F0000FBF7A2FD009495ED020A20EE080A09E0C5
:106F100032A214210F20FBF797FD009495ED020A91
:106F200020EE280A142105230846BCEEC00A10EE04
:106F3000102AFBF74DFD95ED000AB5EEC00AF1EE03
:106F400010FA0AD224A214213C20FBF77DFD009404
:106F500095ED000A20EE080A09E020A214213C2049
:106F6000FBF772FD009495ED000A20EE280A052338
:106F700014214B20BCEEC00A10EE102AFBF728FDAE
:106F80001E2125A2002049E06801002018000020F1
:106F90000000C842EC0100205C0100204D65632028
:106FA000000000004F6D6E690000000045010020E8
:106FB00008020020416B6D200000000044696666F5
:106FC00000000000345744200000000054616E6B44
:106FD00000000000475A00002D0000002B000000B8
:106FE00042494153000000001402002000007AC40E
:106FF00000007A44205A0020410000004759524FB7
:107000005F5A3A00345A002042000000430000005A
:10701000485A00204C3A0000523A0000FBF714FD99
:1070200096ED020AB5EEC00AF1EE10FA0BD2AFF2FD
:1070300058021E210F20FBF707FD009496ED020A6F
:1070400020EE080A0AE0AFF26C021E210F20FBF7C7
:10705000FBFC009496ED020A20EE280A05231E216F
:107060001420BCEEC00A10EE102AFBF7B1FC96ED1E
:10707000000AB5EEC00AF1EE10FA0BD2AFF2A80288
:107080001E213C20FBF7E0FC009496ED000A20EE68
:10709000080A0AE0AFF2BC021E213C20FBF7D4FC38
:1070A000009496ED000A20EE280A05231E214B20AD
:1070B000BCEEC00A10EE102AFBF78AFC98F800001C
:1070C00050B1042808D0012859D0022878D00328CC
:1070D00075D0052873D0E7E0A8A228210020FBF78F
:1070E000B3FCA74D95ED020AB5EEC00AF1EE10FA19
:1070F0000BD2AFF21C1228210F20FBF7A5FC009445
:1071000095ED020A20EE080A0AE0AFF230122821BB
:107110000F20FBF799FC009495ED020A20EE280A57
:10712000052328211420BCEEC00A10EE102AFBF71C
:107130004FFC95ED000AB5EEC00AF1EE10FA0BD245
:10714000AFF26C1228213C20FBF77EFC009495EDF9
:10715000000A20EE080A0AE0AFF2801228213C2043
:10716000FBF772FC009495ED000A20EE280ABCEEB5
:10717000C00A10EE102A052328214B2092E081A29C
:1071800028210020FBF760FC804DB5F91A0000288B
:107190000ADAAFF2BC1228213C20FBF755FC009420
:1071A000B5F91A004242E6E7AFF2D01228213C209E
:1071B000FBF74AFC0094B5F91A20DCE700E01FE079
:1071C00073A228210020FBF73FFC734D286800289C
:1071D0000ADAAFF2FC1228213C20FBF735FC0094C0
:1071E00028680423424208E0AFF2102228213C2004
:1071F000FBF72AFC00942A6804232821502051E040
:1072000066A228210020FBF71FFC95ED010AB5EED0
:10721000C00AF1EE10FA0BD2AFF24422282114205A
:10722000FBF712FC009495ED010AB1EE400A08E06C
:10723000AFF2582228211420FBF706FC009495EDAC
:10724000010A04232821BCEEC00A1E2010EE102AD9
:10725000FBF7BEFB52A228213C20FBF7F5FB96ED85
:10726000010AB5EEC00AF1EE10FA0BD2AFF2982285
:1072700028215020FBF7E8FB009496ED010AB1EEBF
:10728000400A08E0AFF2AC2228215020FBF7DCFBDB
:10729000009496ED010A04232821BCEEC00A5A206E
:1072A00010EE102AFBF794FB3E480078012813D01B
:1072B0003D480078012811D03C48007801280FD0C3
:1072C0003B48007801280DD03A483B4900780978BE
:1072D000084309D039A208E03AA206E03BA204E044
:1072E0003CA202E03DA200E03EA232210020FBF7DA
:1072F000ABFB3E48D0F80C02012802D13C48007894
:10730000D0B33CA232212D20FBF79EFBD9F814000C
:10731000642590FBF5F24E46022332214B20009467
:10732000FBF756FB34A232215820FBF78DFB706926
:10733000022390FBF5F105FB11023221622000943B
:10734000FBF746FB2DA232216E20FBF77DFB706917
:1073500090FBF5F105FB11000A2806DA0223002252
:1073600032215C200094FBF733FB01B0BDEC028BB3
:10737000BDE8F043FBF7C6BA21A2C3E74400000012
:107380005C5A00204D4F56455F5A0000760600209B
:10739000534552564F3A00006C0100204D41000009
:1073A0004D420000540100205501002056010020EC
:1073B00057010020900100209101002055534152B7
:1073C0005400000050533220200000004150502053
:1073D00020000000522D43202000000043414E2099
:1073E00020000000524F5320200000000080414246
:1073F000440100204F4646002E00000056000000C9
:107400004F204E002DE9F041184E0F460446F56816
:107410003068001D01F014F838B9306890F82C106D
:1074200001208840316981433161601C07D137B147
:107430003168BDE8F0410E48091D01F039B83068E7
:107440002C44AC424460316805D2B06BBDE8F041D9
:10745000091D01F015B8706B091D01F011F8B06A33
:10746000844200D2B462BDE8F0810000D000002068
:10747000D80900202DE9F041054601F025F82D4EF0
:10748000B068401CB06030682B4F10B1706930B3E9
:107490002BE03560B068012827D1002404EB84007C
:1074A00007EB800000F0DEFF641C202CF6D323489D
:1074B00000F0D8FF2148143000F0D4FF1F482830D6
:1074C00000F0D0FF1D483C3000F0CCFF1B4850308E
:1074D00000F0C8FF194870631430B06305E03068ED
:1074E000E96AC06A884200D83560706A0121401C90
:1074F00070626864E86A326981401143316100EB6F
:10750000800007EB8000291D00F0D2FF01F018F881
:10751000706900280CD03068E96AC06A884207D2D6
:1075200007494FF080500860BFF34F8FBFF36F8F54
:10753000BDE8F081D0000020080700208809002065
:1075400004ED00E010B500F0BFFF0E4C2068A0B9BC
:107550000D4800F087FF0C48143000F083FF0A4804
:10756000E0601430206100221021052001F0D8FBDA
:10757000206010B105A101F0B9F8BDE8104000F09D
:10758000DFBF00000C010020EC090020546D725197
:107590000000000070B5124E124D1CE001F0DAFA46
:1075A000306820B1002401F0DFFFA4B901E001241C
:1075B000F9E700F089FFF068C468201D00F040FF83
:1075C000A868401EA8606868401E686000F0B8FFA8
:1075D000204600F052F868680028DFD170BD000036
:1075E000C4090020D000002030B4026C0B46002AF1
:1075F0000BD0C1681144C1604468A14201D3016845
:10760000C16030BC1846F8F75BBF30BC70472DE94D
:10761000F041856B174604460026026C82B1C7B163
:10762000E068F8F74DFFE168206C091AE160226814
:10763000914202D26168081AE060022F16D017E06A
:107640002068A8B9606801F0E9FE06460020606085
:107650000EE0A068F8F734FF216CA0680844A06031
:107660006168884204D32068A06001E005B16D1E06
:107670006D1CA5633046BDE8F08110B50446006B73
:1076800000F090FF2046BDE8104000F08BBF0000E6
:1076900010484FF4A041420706D0C01D0D4920F00C
:1076A0000700411AC1F5A0410B4A00230144C2E979
:1076B00000030839103A21F0070111604B600B609C
:1076C0000B1AC0E9001393604FF000405360D06084
:1076D00070470000140A00203C010020074E4FF0C4
:1076E0008054074DFFF756FF30680128FAD92C6007
:1076F000BFF34F8FBFF36F8FF4E700000807002040
:1077000004ED00E02DE9F047DDE909840E46174657
:10771000824691009946089DA522206BF8F715FF37
:107720006FF00301206B01EB8701084420F007078D
:10773000780705D040F22B3219A11EA0F8F71AFEE7
:1077400000202218315C82F83410315C11B1401CE9
:107750001028F6D3002684F84360202D00D31F257F
:10776000E562C4E91356201D00F087FE04F11800FD
:1077700000F083FE2461C5F120006462A0616665AB
:1077800084F858604A465146384600F00FFB2060A6
:10779000B8F1000F01D0C8F80040BDE8F087000044
:1077A0002E2E5C4672656552544F535C7461736B48
:1077B000732E63004572726F723A25732C25640D27
:1077C0000A00000030B5114900E011460A68824203
:1077D000FBD34B685C18844203D14068184448606E
:1077E000084643681C18944209D1084C103C246890
:1077F000A24209D052681A4442600A6812680260C4
:10780000814200D0086030BD0460F9E73C010020EF
:1078100070B5002441600B4D0061914206D8D11A29
:107820008269914206D2011D286907E09A4203D27B
:10783000994201D3012403E0011DE86800F020FE15
:10784000204670BD0C01002010B5044600F03CFE3F
:10785000A06B20B1002400F073FE204610BD01246F
:10786000F9E700002DE9F34100980F460026846CEB
:107870002CB940F6CE1216A11AA0F8F77BFDA06B2A
:10788000E16B884205D340F6CF1211A115A0F8F79D
:1078900071FDA06BE16B88420CD294F945503A46D9
:1078A00069462046FFF7B3FE0646681C05D06D1CEE
:1078B00084F845503046BDE8FC81606A0028F9D064
:1078C00004F1240001F004FE0028F3D00126F1E7C2
:1078D0002E2E5C4672656552544F535C717565750A
:1078E000652E63004572726F723A25732C25640D04
:1078F0000A000000F8B5054614480E46C068C06886
:10790000C468201D00F09CFDE069012817D1A06922
:107910002B46411932462046FFF77AFF78B1002006
:107920000346014600902A46204601F003FF30B985
:1079300007494FF4027201F11800F8F71BFD616A64
:1079400001B02046BDE8F040084700000C010020CF
:107950009896000870B586B02F4E53E00198002825
:1079600006DADDE90301029A90470198002849DB15
:10797000039C606910B1201D00F062FD05A800F0B5
:10798000A7F8054601980A283CD2DFE800F0050573
:10799000053B273805053B270298A16903460144AA
:1079A0002A462046FFF734FF00282BD0616A204684
:1079B0008847E069012825D1002000900298A1693C
:1079C000002342181946204601F0B4FED0B940F217
:1079D000213212A117A0F8F7CDFC13E00298A061A4
:1079E00028B94FF44E720DA112A0F8F7C3FCA0699C
:1079F0002B4641191A462046FFF70AFF02E02046AF
:107A000000F0D0FD00231A4601A9306801F0C4F946
:107A10000028A3D106B070BD0C0100202E2E5C46BC
:107A200072656552544F535C74696D6572732E6351
:107A3000000000004572726F723A25732C25640DA8
:107A40000A000000F8B50D46064601F083F86846C6
:107A500000F03EF80446009810B101F085FDF8BD35
:107A60001148ADB101690968D9B10025311B2A4619
:107A7000006800F04DFE01F077FD0028EFD10B49C2
:107A80004FF080500860BFF34F8FBFF36F8FF8BD8A
:107A9000A642EBD801F068FD21463046FFF72AFFE9
:107AA000F8BD0125E2E700000C01002004ED00E034
:107AB0000648416B096829B1416BC968C9684968C2
:107AC000816270474FF0FF31FAE70000D0000020DC
:107AD00070B5054601F028FC064E0446B0688442A5
:107AE00003D200F009F8012000E0002028602046C1
:107AF000B46070BD0C010020F8B5184E26E0C068D7
:107B0000C4680568201D00F09BFC616A2046884718
:107B1000E06901281AD1A0692844A84206D9246145
:107B20006060211DF06800F0ABFC0FE00020034610
:107B3000014600902A46204601F0FCFD30B9084974
:107B400040F2923201F11800F8F714FCF068016875
:107B50000029D4D13169C6E90310F8BD0C01002019
:107B60009896000808484068401C05D040F20F1263
:107B700006A111A0F8F7FEFB502080F31188BFF397
:107B80004F8FBFF36F8FFEE7200100202E2E5C4643
:107B900072656552544F535C706F727461626C65AC
:107BA0005C525644535C41524D5F434D34465C70C9
:107BB0006F72742E630000004572726F723A257303
:107BC0002C25640D0A000000084CE068016839B1FA
:107BD000002139B10020FFF735FFFFF7BBFEF4E7C6
:107BE0000121F6E7C0680068F5E700000C010020FD
:107BF0002DE9F041044600F067FC94F9455004F18A
:107C0000240610E0A06C20B100212046FFF72AFED8
:107C100004E0606A48B1304601F05AFC08B100F057
:107C20008BFE6D1E6DB2002DECDC4FF0FF3684F83C
:107C3000456000F085FC00F047FC94F9445004F1E5
:107C4000100709E0206948B1384601F041FC08B14D
:107C500000F072FE6D1E6DB2002DF3DC84F84460FE
:107C6000BDE8F04100F06CBC08B5FEF747FF00909E
:107C70000A21684600F0A4FDFBF71CF8F8E70000B5
:107C80002DE9F0410546002600F064FF324F3868C8
:107C900008B9FFF7FDFCF86805424FD1002D4DD023
:107CA000083568070BD005F00700C0F1080005444F
:107CB000680704D0BF2229A132A0F8F75BFB002D92
:107CC0003CD07868854239D8234910310846046889
:107CD00001E0214604466068A84202D220680028DC
:107CE000F7D13868B846844228D00E68206808600A
:107CF00060680836401B10280ED96719780704D031
:107D0000EC2216A11FA0F8F735FB6068401B7860D5
:107D100038466560FFF756FD6168D8F804004246B2
:107D2000401AC8F80400D8F80830984200D2906091
:107D3000D8F80C0001430020C4E9000101F014FC54
:107D4000700705D04FF4967204A10EA0F8F712FB4D
:107D50003046BDE8F08100002C0100202E2E5C464C
:107D600072656552544F535C706F727461626C65DA
:107D70005C4D656D4D616E675C686561705F342E4A
:107D8000630000004572726F723A25732C25640DF2
:107D90000A0000000449086818B10868026D521C06
:107DA0000265086870470000D000002010B5031F6E
:107DB0004FF080741C601B1F21F001011960191F16
:107DC000044B0B6014390A60091F6FF0020244383B
:107DD0000A6010BD657B000808B5FEF78FFE3F4EB8
:107DE0003F4FDFF800B1404D4FF001094FF0000860
:107DF0004FF0020A009000246421684600F0E0FC85
:107E00003A480068322801DA484603E0333831281E
:107E100002D24046C6F8A002A86801280BD0E86844
:107E2000012808D06868052809DA401C6860052820
:107E300005DA484606E04046C5F80480F5E705281F
:107E400002D14046C6F8A002F9F774FFD7ED000A48
:107E5000641C0A2C30EE200A87ED000AF4DBF0EEF9
:107E6000400AB2EE041A80EE810ADFED210A8BEDA2
:107E7000000AC7ED000AA968012901D1C5F808A0C8
:107E8000E968012901D1C5F80CA010EE101A194AB1
:107E9000914204DB9FED180A8BED000A18E010EE0A
:107EA000100A16490844B0F5002F05D2A868022828
:107EB00002DA401CA8600BE010EE100A0F4949429C
:107EC000884205DAA868022802DAE868401CE860FF
:107ED000F8F732FDFEF754FE8DE700000000404247
:107EE0001C00002018000020EC010020B001002040
:107EF000000000009A9949419A9949410000E0BE6A
:107F000000B52DED048B83B041EC190B02F082F823
:107F100041EC180B18EE100A18EE901A8DED008B3C
:107F2000002818BF0120084320F00040C0F17F6006
:107F300000F1E040C00F14D019EE101A19EE900AAB
:107F40008DED009B002918BF0121084320F000405F
:107F5000C0F17F6000F1E040C00F04BF0120F8F7DE
:107F600027FB51EC180B03B0BDEC048B00BD0000E7
:107F70002DE9FC4100F0A8FA00240425CDE90054C5
:107F80004FF40078234642461AA11E4801F092F9A8
:107F90000326CDE90064AF0100233A461AA11E482A
:107FA00001F088F9CDE90064002342461BA11E4878
:107FB00001F080F9CDE90064002380221BA11E4856
:107FC00001F078F9CDE9005400233A461BA11E4880
:107FD00001F070F9CDE90054002342461BA11E4870
:107FE00001F068F91D48006800F040FCBDE8FC4164
:107FF00000F0A6BA42616C616E63655F7461736B79
:1080000000000000710B00084D5055363035305FD0
:108010007461736B000000000925000873686F77B6
:108020005F7461736B000000D97D00086C65645F4C
:108030007461736B00000000196B000850535457B3
:108040004F5F7461736B0000697C000844415441C8
:108050005F7461736B00000061670008000000201E
:1080600038B54FF44070FAF777FBA820FEF7D4FC40
:10807000FAF75CF9F8F78AFEF9F7B6FAFAF7AAFB0D
:10808000FAF722F94FF4E134204600F05FF84FF49C
:10809000165000F0B1F8204600F002F9204600F03A
:1080A00057F9F8F7E5FCF8F723FD002000900323CB
:1080B000062207210120F8F783FEFBF7C9F9F9F73B
:1080C000ABFAF9F717FBF9F773FBF9F7CFFB42F2BD
:1080D0000F7453212046FBF7B9FCA7212046FBF77C
:1080E000FBFE44F29F1400212046FBF717FD002100
:1080F0002046FBF797FF00212046FBF703FC0021F9
:108100002046FBF74FFCF9F76BFEFAF7A8F9FAF7F0
:10811000A7FDBDE83840FAF793BEB4EEE00AF1EEF1
:1081200010FA02D2B0EE600A7047B4EEC10AF1EE66
:1081300010FAF9DDB0EE410A7047884201DA0846CC
:1081400070479042FCDD104670470000F0B50746CE
:10815000012187B00846FAF7A5FF01211020FAF7A0
:10816000B9FF234E072209213046F9F719FC0722EF
:108170000A213046F9F714FC4FF4C0600490022045
:108180008DF8140000248DF816408DF81500012597
:108190008DF8175004A93046F9F7C6FB25208DF855
:1081A00018008DF819508DF81A408DF81B5006A84C
:1081B000FAF7A0FAADF80440ADF80640ADF8084073
:1081C000ADF80C400C200B4CADF80A000097694646
:1081D0002046FCF7D7FC012240F225512046FCF74F
:1081E000B8FC01212046FCF78BFC07B0F0BD000075
:1081F0000000024000100140F0B5074687B00121A1
:108200000820FAF74FFF01214804FAF757FF224EE2
:10821000072205213046F9F7C3FB07220621304625
:10822000F9F7BEFB6020049002208DF814000024B2
:108230008DF816408DF8150001258DF8175004A90A
:108240003046F9F771FB26208DF818008DF819508B
:108250008DF81A408DF81B5006A8FAF74BFAADF8C6
:108260000440ADF80640ADF80840ADF80C400C20D5
:108270000A4CADF80A00009769462046FCF782FCDC
:10828000012240F225512046FCF763FC01212046E3
:10829000FCF736FC07B0F0BD000C02400044004083
:1082A0002DE9F041804688B001210820FAF7FAFE56
:1082B00001218804FAF702FF234F072208213846DC
:1082C000F9F76EFB072209213846F9F769FB022509
:1082D0008DF8145000244FF440708DF8164004902F
:1082E0008DF8155001268DF8176004A93846F9F766
:1082F0001BFB27208DF818008DF819508DF81A40B7
:108300008DF81B6006A8FAF7F5F9ADF80440ADF852
:108310000640ADF80840ADF80C400C200B4CADF811
:108320000A00CDF8008069462046FCF72BFC0122AC
:1083300040F225512046FCF70CFC01212046FCF7B9
:10834000DFFB08B0BDE8F081000C024000480040AF
:108350002DE9F043814687B001210420FAF7A2FEFF
:1083600001210820FAF79EFE01210805FAF7A6FE72
:108370002B4F08220C213846F9F712FBDFF8A480B6
:10838000082202214046F9F70BFB02258DF8045024
:108390000024B8148DF8064000908DF80550012691
:1083A0008DF8076069463846F9F7BEFA8DF8045033
:1083B00004208DF8064000908DF805508DF8076078
:1083C00069464046F9F7B0FA35208DF818008DF867
:1083D00019508DF81A408DF81B6006A8FAF78AF933
:1083E000ADF80C40ADF80E40ADF81040ADF81440BB
:1083F0000C200D4CADF81200CDF8089002A92046D3
:10840000FCF7C0FB012240F225512046FCF7A1FBFE
:1084100001212046FCF774FB07B0BDE8F0830000A3
:1084200000080240000C0240005000400349088050
:10843000081F01884906FCD5704700000448004029
:10844000D0E9013201699A60D0E901235A604A6893
:10845000824201D182684A60002202610868401E9F
:108460000860704700F108014FF0FF32C0E90112C7
:10847000C160016100210160704700210161704706
:1084800030B50C68621C02D000F1080202E00269FB
:1084900004E01A4653681D68A542FAD953684B6038
:1084A00099608A60516008610168491C016030BDB3
:1084B00042684A6093688B60936859609160086174
:1084C0000168491C01607047502080F31188BFF398
:1084D0004F8FBFF36F8F09494868401C48600128DF
:1084E0000AD10748006810F0FF0F05D040F2B9121A
:1084F00004A10FA0F7F73EBF704700002001002045
:1085000004ED00E02E2E5C4672656552544F535CBC
:10851000706F727461626C655C525644535C415278
:108520004D5F434D34465C706F72742E63000000E3
:108530004572726F723A25732C25640D0A00000093
:1085400010B5084C606828B94FF4E07206A111A07C
:10855000F7F710FF6068401E606001D180F311885A
:1085600010BD0000200100202E2E5C467265655271
:10857000544F535C706F727461626C655C52564408
:10858000535C41524D5F434D34465C706F72742EA4
:10859000630000004572726F723A25732C25640DDA
:1085A0000A00000070B500282AD0164DA0F108047A
:1085B0006068E968084205D14FF4A07212A11CA0BE
:1085C000F7F7D8FE206828B140F241120EA118A09A
:1085D000F7F7D0FE6068E968084211D02268002AE7
:1085E0000ED18843606000F0B5FA6068696808449D
:1085F00068602046FFF7E6F8BDE8704000F0B4BFC1
:1086000070BD00002C0100202E2E5C467265655264
:10861000544F535C706F727461626C655C4D656D34
:108620004D616E675C686561705F342E63000000A9
:108630004572726F723A25732C25640D0A00000092
:1086400006484FF47A710068B0FBF1F14FF0E0207A
:10865000491E4161072101617047000004000020AC
:1086600010B5F7F761FE104C10280CD300F1E02094
:1086700090F8F0032178884205D24FF440720BA1A4
:1086800015A0F7F777FE18480068A16800F4E060CD
:10869000884207D9BDE810404FF4447203A10EA0F0
:1086A000F7F768BE10BD0000200100202E2E5C46AA
:1086B00072656552544F535C706F727461626C6581
:1086C0005C525644535C41524D5F434D34465C709E
:1086D0006F72742E630000004572726F723A2573D8
:1086E0002C25640D0A0000000CED00E010B5074BCE
:1086F000002253F832401CB1521C082AF9D310BD95
:1087000043F8321003EBC201486010BDC8060020D8
:1087100070B515460E460446FFF7D6FE94F9441090
:108720000020491C01D184F8440094F94510491CEB
:1087300001D184F84500FFF703FFA06B28B92A4652
:10874000314604F1240000F027F92046BDE87040CE
:10875000FFF74EBA10B5040012D00E49096B29B1CB
:1087600040F2CF420CA111A0F7F704FE00F0F2F99D
:1087700000212046FEF746FE00F0F6FE002807D155
:108780000E494FF080500860BFF34F8FBFF36F8FDB
:1087900010BD0000D00000202E2E5C467265655290
:1087A000544F535C7461736B732E63004572726F28
:1087B000723A25732C25640D0A00000004ED00E0D8
:1087C0002DE9F0410E4605004FF0000405D140F2BE
:1087D00079421BA11FA0F7F7CDFD2EB940F27A42D6
:1087E00017A11CA0F7F7C6FD1E4F386B28B140F249
:1087F0007B4213A117A0F7F7BDFD00F0ABF9FA68B3
:1088000028688119904202D9884202D804E088423F
:1088100001D8914200D9012429601CB1881A002195
:10882000FEF7F0FD00F0A0FE002807D10E494FF042
:1088300080500860BFF34F8FBFF36F8FBDE8F081AA
:108840002E2E5C4672656552544F535C7461736B97
:10885000732E63004572726F723A25732C25640D76
:108860000A000000D000002004ED00E070B50446CE
:10887000FFF72AFE234D04B92C68201DFFF7E0FD09
:1088800058B9E06A204A00EB800152F8211021B962
:1088900001218140286988432861A06A18B104F148
:1088A0001800FFF7CDFD686A401C686228688442A2
:1088B00007D1211D1548FFF7FBFD6868401C686063
:1088C00007E0A868401EA8602046FEF7D6FEFFF726
:1088D000EFF8FFF735FE6869002812D02868844257
:1088E0000FD1286B28B140F2654209A10DA0F7F71E
:1088F00041FD10494FF080500860BFF34F8FBFF328
:108900006F8F70BDD000002008070020C409002030
:108910002E2E5C4672656552544F535C7461736BC6
:10892000732E63004572726F723A25732C25640DA5
:108930000A00000004ED00E001490120C861704711
:10894000D000002070B50D46040005D140F6063277
:1089500007A10CA0F7F70EFD0E480168204618315C
:10896000FFF78EFD2846BDE870400121FEF74ABDA5
:108970002E2E5C4672656552544F535C7461736B66
:10898000732E63004572726F723A25732C25640D45
:108990000A000000D000002070B514460E46050005
:1089A00005D140F6313209A10DA0F7F7E3FC1048DC
:1089B000016828461831FFF77BFD0CB14FF0FF36F8
:1089C00021463046BDE87040FEF71CBD2E2E5C46A9
:1089D00072656552544F535C7461736B732E630000
:1089E0004572726F723A25732C25640D0A000000DF
:1089F000D000002070B5040039D01D4DE06A296810
:108A0000C96A884233D2A069002804DB2868C06A9A
:108A1000C0F12000A061E06A164E00EB80006169A1
:108A200006EB800081421FD1201DFFF709FD0121C7
:108A300050B9E06A00EB800256F8222022B92A6978
:108A400001FA00F082432A612868C06AE0622A695C
:108A500081401143296100EB800006EB8000211D5D
:108A6000BDE87040FFF724BD2868C06AE06270BDB1
:108A7000D00000200807002010B5040005D140F602
:108A8000C13205A109A0F7F775FC0C48016A216005
:108A9000C068606010BD00002E2E5C467265655295
:108AA000544F535C7461736B732E63004572726F25
:108AB000723A25732C25640D0A000000D0000020B6
:108AC0001CB517480024CDE900402346822215A199
:108AD000164800F0EFFB012803D100F0F1FD01285A
:108AE0000AD0401C1BD102B040F28472BDE8104095
:108AF0000FA114A0F7F73EBC502080F31188BFF3FC
:108B00004F8FBFF36F8F06484FF0FF312C388162D3
:108B100001214161C460BDE81C4000F061B81CBD8A
:108B2000FC00002049444C4500000000DD760008B0
:108B30002E2E5C4672656552544F535C7461736BA4
:108B4000732E63004572726F723A25732C25640D83
:108B50000A0000000248016B491C016370470000D5
:108B6000D000002070B5134D286B10B10120E861D2
:108B700070BD0020E86128690F4EB0FA80F0C0F1A6
:108B80001F0000EB800456F8240028B940F6F622B6
:108B90000AA10FA0F7F7EEFB06EB840000F1080234
:108BA000416849684160914201D149684160C868A3
:108BB000286070BDD0000020080700202E2E5C46E3
:108BC00072656552544F535C7461736B732E63000E
:108BD0004572726F723A25732C25640D0A000000ED
:108BE0001CB5304C20683049884205D140F25912FA
:108BF0002EA139A0F7F7BEFB20682B49491E8842F9
:108C000005D14FF4AD7229A133A0F7F7B3FB364C71
:108C100020780190FF20207020788DF800009DF8CA
:108C200000009DF8001000F0F000884205D040F2EE
:108C300073121EA128A0F7F79DFB9DF800002B4A98
:108C400000F0500010700720906007E09068401E10
:108C500090609DF8000040008DF800009DF8000035
:108C60000006F3D4107A000200F4E06090600198EE
:108C700020700C482030016841F4700101600168E7
:108C800041F070410160FFF7DBFC00205060F7F716
:108C900013FB1748016841F040410160F7F7FCFA07
:108CA00000201CBD00ED00E071C20F412E2E5C467D
:108CB00072656552544F535C706F727461626C657B
:108CC0005C525644535C41524D5F434D34465C7098
:108CD0006F72742E630000004572726F723A2573D2
:108CE0002C25640D0A00000000E400E020010020B3
:108CF00034EF00E010B5502080F31188BFF34F8FA0
:108D0000BFF36F8F00F016FB18B104494FF080508D
:108D10000860002080F3118810BD000004ED00E021
:108D20002DE9F04117460E46050005D14FF4C472F7
:108D300010A115A0F7F71EFBBEB105FB06F05430DD
:108D4000FEF79EFF04000ED004F154007EB12060B7
:108D5000C4E90F562046012100F0E0F884F8507075
:108D600000212046A164BDE8F0810020E7E72460EF
:108D7000EEE700002E2E5C4672656552544F535C40
:108D800071756575652E63004572726F723A257351
:108D90002C25640D0A0000002DE9FF4F83B09B468F
:108DA0008A4604004FF0000605D140F2DC4251A192
:108DB00055A0F7F7DFFABAF1000F07D1206C28B100
:108DC00040F2DD424BA150A0F7F7D4FA00F09EFA32
:108DD00038B9059828B14FF49C6246A14AA0F7F72C
:108DE000C9FA4FF000094FF08057DFF82C81FFF7E8
:108DF0006BFBA56B45B351462046E668FEF7F4FBD6
:108E0000BBF1000F13D0E660606A50B104F124009A
:108E100000F05EFB28B1C8F80070BFF34F8FBFF3BE
:108E20006F8FFFF78DFB012007B0BDE8F08F6D1E3F
:108E3000A563206810B9FEF7ADFF606020690028C7
:108E4000EFD004F11000E3E7059808B11EB106E089
:108E5000FFF776FB27E06846FFF70EFE0126FFF7D7
:108E60006FFBFFF777FEFFF72FFB94F94400401CE0
:108E700001D184F8449094F94500401C01D184F854
:108E80004590FFF75DFB05A9684600F0CFF9002883
:108E900020460AD0FEF7ACFE00F066FB2046FEF747
:108EA000D3FC0028A3D00020BEE7FEF7CDFCD8B14C
:108EB000206830B9FFF708FB6068FFF79BFDFFF7FC
:108EC0003FFB04F124000599FFF73CFD2046FEF727
:108ED0008FFE00F049FB002889D1C8F80070BFF36D
:108EE0004F8FBFF36F8F82E72046FEF781FE00F0C1
:108EF0003BFB7CE72E2E5C4672656552544F535CFB
:108F000071756575652E63004572726F723A2573CF
:108F10002C25640D0A00000004ED00E070B50D463C
:108F2000040005D140F21B121CA121A0F7F722FA80
:108F3000FFF7CAFAD4E90F20216802FB0011616033
:108F40000021A1632168A1600A46D4E90F01401EF7
:108F500000FB0121E16021464FF0FF3001F8440F92
:108F6000487004F110004DB1FFF77CFA04F12400C1
:108F7000FFF778FAFFF7E4FA012070BD21690029B4
:108F8000F8D000F0A5FA0028F4D00D494FF0805039
:108F90000860BFF34F8FBFF36F8FEBE72E2E5C4659
:108FA00072656552544F535C71756575652E63002B
:108FB0004572726F723A25732C25640D0A00000009
:108FC00004ED00E02DE9FF4F83B099468B46040085
:108FD0004FF0000605D140F2D92252A156A0F7F772
:108FE000C9F9BBF1000F07D1206C28B140F2DA2299
:108FF0004CA151A0F7F7BEF9B9F1020F08D1E06B0F
:10900000012805D040F2DB2246A14BA0F7F7B2F9C8
:1090100000F07CF938B9059828B140F2DE2241A170
:1090200045A0F7F7A7F94FF0000A4FF08057DFF897
:109030001881FFF749FAA06BE16B884206D3B9F1BA
:10904000020F03D0059800B316B325E04A465946EF
:109050002046FEF7DCFAA16C21B149462046FEF716
:1090600001FC05E0616A19B104F1240000F030FA56
:1090700028B1C8F80070BFF34F8FBFF36F8FFFF7B1
:109080005FFA012007B0BDE8F08FFFF759FA21E041
:109090006846FFF7F1FC0126FFF752FAFFF75AFD89
:1090A000FFF712FA94F94400401C01D184F844A05F
:1090B00094F94500401C01D184F845A0FFF740FA1F
:1090C00005A9684600F0B2F830B12046FEF790FDE1
:1090D00000F04AFA0020D5E7FFF7F6F9A06BE16B44
:1090E000884201D1012500E00025FFF729FA95B15A
:1090F00004F110000599FFF725FC2046FEF778FDE6
:1091000000F032FA002894D1C8F80070BFF34F8FF6
:10911000BFF36F8F8DE72046FEF76AFD00F024FA5B
:1091200087E700002E2E5C4672656552544F535CF3
:1091300071756575652E63004572726F723A25739D
:109140002C25640D0A00000004ED00E02DE9F04735
:10915000984615468946040005D140F29F322AA15F
:109160002EA0F7F707F9B9F1000F07D1206C28B14D
:109170004FF4687224A129A0F7F7FCF8B8F1020FA8
:1091800008D1E06B012805D040F2A1321EA123A036
:10919000F7F7F0F8FFF764FA5020EFF3118780F348
:1091A0001188BFF34F8FBFF36F8FA06BE16B8842C5
:1091B00007D3B8F1020F04D0002087F31188BDE86F
:1091C000F08794F94560424649462046FEF71FFA6B
:1091D000701C04D0761C84F845600120EDE7A06C7B
:1091E000012620B141462046FEF73CFB06E0606ABE
:1091F0000028F2D004F1240000F06AF90028ECD035
:10920000002DEAD02E60E8E72E2E5C46726565528E
:10921000544F535C71756575652E63004572726FAE
:10922000723A25732C25640D0A00000070B50D46B6
:10923000040005D140F6CB3214A119A0F7F79AF833
:109240002DB940F6CC3211A115A0F7F793F8FFF72E
:109250003BF9174AD06829684B1C0FD02368126A63
:10926000934202D0626882420AD96268801A8842B8
:1092700006D2081A28602046FFF7FEFB002400E013
:109280000124FFF75DF9204670BD00002E2E5C46DC
:1092900072656552544F535C7461736B732E630037
:1092A0004572726F723A25732C25640D0A00000016
:1092B000D00000202DE9FF5F8346DDE90E87994647
:1092C00016468A469000FEF7DBFC05001AD05C20AB
:1092D000FEF7D6FC040012D025630021CDE902413F
:1092E000CDE900874B46324651465846FEF70AFA0A
:1092F0002046FEF7BFF8012004B0BDE8F09F2846E5
:10930000FFF750F94FF0FF30F6E7000005484169DC
:1093100019B1006B18B1002070470120704702207E
:1093200070470000D00000200148C068704700006E
:10933000D00000202DE9F0412D4F0026386B40B1C0
:10934000B869401CB861F86900B101263046BDE833
:10935000F081FD686D1CFD6011D1786B006828B14B
:1093600040F6D91223A128A0F7F704F8786BB96B5F
:109370007963B863386A401C3862FEF799FBB86AB3
:10938000DFF89480854209D3786B006880B1786BF0
:10939000C068C468606885420DD2B8623868C06A27
:1093A00000EB800158F821000128CCD90126CAE73A
:1093B0004FF0FF30F1E7201DFFF742F8A06A18B127
:1093C00004F11800FFF73CF8E06A01213A69814096
:1093D0001143396100EB800108EB8100211DFFF78B
:1093E00067F8E06A3968C96A8842CDD30126CBE7BD
:1093F000D00000202E2E5C4672656552544F535C9F
:109400007461736B732E63004572726F723A2573C9
:109410002C25640D0A0000000807002070B5040028
:109420004FF000063CD01F4D2868844205D040F61E
:10943000C7621DA121A0F6F79DFF206D28B940F657
:10944000C96219A11DA0F6F795FF206D401E206589
:10945000E26CE16A914223D010BB201DFEF7F0FFC1
:109460001A49012250B9E06A00EB800351F8233019
:1094700023B92B6902FA00F083432B61E06CE062B0
:10948000C0F12000A061E06A2B6982401A432A6182
:1094900000EB800001EB8000211DFFF709F8012699
:1094A000304670BDD00000202E2E5C46726565529D
:1094B000544F535C7461736B732E63004572726F0B
:1094C000723A25732C25640D0A000000080700205D
:1094D0002DE9F041C068C4682CB940F6613216A18C
:1094E0001AA0F6F747FF04F118000746FEF7A8FF99
:1094F0001A4D286B012660B139461948FEF7D8FF8E
:10950000E06A2968C96A884213D90120EE61BDE882
:10951000F081201DFEF794FFE06A2A6906FA00F147
:10952000114329610F4900EB800001EB8000211DF0
:10953000E4E70020EBE700002E2E5C4672656552E2
:10954000544F535C7461736B732E63004572726F7A
:10955000723A25732C25640D0A000000D00000200B
:10956000B0090020080700202DE9F0472B4D00240A
:109570002746286B28B94FF4FD6229A12DA0F6F7E4
:10958000F9FEFEF7A1FF286B401E2863286BE8BB9D
:10959000A8682C490126C8B3A1F52A798846D8F8CD
:1095A0000010E9B1D8F80C00C46804F11800FEF707
:1095B00047FF201DFEF744FFE06A2A6906FA00F122
:1095C0001143296100EB800109EB8100211DFEF7A9
:1095D0006FFFE06A2968C96A8842E0D3EE61DEE77E
:1095E0000CB1FEF765FAAC693CB1FFF7A3FE00B120
:1095F000EE61641EF9D10020A861E86930B112491A
:10960000012738070860BFF34F8F00E001E0BFF388
:109610006F8FFEF795FF3846BDE8F087D000002039
:109620002E2E5C4672656552544F535C7461736BA9
:10963000732E63004572726F723A25732C25640D88
:109640000A000000B009002004ED00E02DE9F04719
:109650000746994616460D462C20DDF820A0FEF759
:109660000FFB040014D0B8464F46D1462DB94FF435
:10967000C67209A10EA0F6F77DFEFDF763FF04F1A7
:109680001801C4F8008081E8E002201DFEF7F5FE15
:109690002046BDE8F08700002E2E5C4672656552BC
:1096A000544F535C74696D6572732E630000000043
:1096B0004572726F723A25732C25640D0A00000002
:1096C0001CB50024FDF73EFF0C48006868B10B494B
:1096D0001F20091DCDE9000100234FF4827208A16B
:1096E0000948FFF7E7FD040005D140F2331207A156
:1096F0000CA0F6F73FFE20461CBD00000C01002028
:10970000546D722053766300C97B00082E2E5C4690
:1097100072656552544F535C74696D6572732E6344
:10972000000000004572726F723A25732C25640D9B
:109730000A0000002DE9FF47DDF830A09946904669
:109740000D4606004FF0000705D14FF4D37212A169
:1097500017A0F6F70FFE1A4C206880B1CDE900582B
:109760000296062D11DAFFF7D1FD02284FF0000313
:1097700009D0002269462068FFF724FC074604B0A0
:109780003846BDE8F0875246F4E700234A4669466A
:10979000FFF7DCFCF2E700002E2E5C467265655296
:1097A000544F535C74696D6572732E630000000042
:1097B0004572726F723A25732C25640D0A00000001
:1097C0000C01002081F00041704780F0004070479C
:1097D00021F00041704720F00040704721F0004226
:1097E000A2F16052B2F5801F01F0004328BFD2F110
:1097F0007F6C0BD95FEA001C43EAC20242EB507057
:1098000018BF704728BF20F001007047B2F5801FD5
:10981000BCBF184670474FEA410C1CF5001F02D22E
:10982000084600F023BE70B500F05EFB0000008922
:10983000FFF7F6BF4FF00040A0F580007047000032
:1098400010B591EA030F48BF83F0004300F1B684DE
:10985000841A71EB030C05D2121943EB0C03001BA5
:1098600061EB0C01DFF824E14FEA1154A4EB135C27
:109870001EEA430F18BF9EEA445F73D023EA0E032B
:10988000DCF1200E21EA045143F4801332D322FA92
:109890000CFE10EB0E0023FA0CFE41EB0E01CCF196
:1098A000200E03FA0EFE10EB0E0051F10001B1F58F
:1098B000801FCCF1200E32D201EB045112FA0EF2CD
:1098C000BDE8104058BF7047401C38BF5FEA4202F5
:1098D00018BF7047002814BF20F0010041F10001BB
:1098E0004FEA410313F5001F38BF7047A1F1C04193
:1098F00000F048BB012A43EB0302ACF1200CDCF181
:109900001F0E32BF4FF0000E23FA0CF310EB0300D2
:1099100041EB0451B4EB115FD0D0A1EB045101F540
:10992000801149085FEA300001EB04510ED350F179
:10993000000038BF12FA0EFE08D1BDE81040C9E79A
:10994000401C38BF5FEA4202CAD1C3E7BDE81040FD
:109950004FEA410313F5001F38BF7047A1F1C04122
:1099600000F010BB9EEA445F08D011EA5E0FBDE82C
:10997000104004BF01F0004100207047BDE81040D6
:1099800070B500F0B1FA00BF64FBBE3E0000E0FF1E
:1099900002494FF0000000F06EBD00BF0000F87FEC
:1099A000491058BFC1F140415B1058BFC3F140435B
:1099B0008B42EFF3008070472DE9C04130B4DFF8EF
:1099C000A0C23CEA111418BF3CEA131400F0EC806A
:1099D00081EA03051CEA111444EAD57418BF1CEA95
:1099E000131500F0C780A4EB05044FF0004545EACD
:1099F000C12145EAC32341EA505143EA525304F1DD
:109A00007F74994204F500344FEAC0204FEAC22225
:109A100008BF904200F09C804FEA13650FF2401699
:109A2000765D4FEA134506FB05F7C7F1807706FB25
:109A300007F74FEAD737A7FB03687642C8F58038A7
:109A4000A7FB06CE38BFA8F1010807FB08E64FF0D8
:109A5000000EA6FB028CE6FB03CEDCF1000CCEF17F
:109A6000004E38BFAEF1010EA6FB0C584FF00007B8
:109A70004FF00005E6FB0E87A1FB08C6A0FB07CE52
:109A800016EB0E0645F10005E1FB076515F1E04E0A
:109A90007EBFA4F580345FEA46066D4116F180076B
:109AA00045F100054FEA17274FEA066647EA0567C2
:109AB000A6F1DE46B6F1805F4FEA15251FD938467C
:109AC00024F0010C05EBC471BCF1FE6F01EB0C112D
:109AD00002D8F0BCBDE8008124425CBF01F5801EC5
:109AE0009EEAC47F02D4F0BCBDE80081244238D491
:109AF000F0BCA1F1C041BDE8004100F043BA4FEA1B
:109B0000D22242EA43524FEAD323A7FB02864FEA0E
:109B1000D02040EA415007FB03661EEA0E0F4FEAD1
:109B2000D12105FB026658BFA6EB0056B6EB0056E6
:109B30004FEA520E4EEAC37E18EB0E0E56EB530E52
:109B4000BDD518EB02085E417F1C55F10005B6E754
:109B50004FF480154FF000074FF000064FF000085B
:109B6000ADE7F0BC4FF0000001F1C04101F0004151
:109B7000BDE8008111EA0C1F0CEA131500D00CE0BF
:109B800013EA0C1F00F025804FF00000F0BC81EAC2
:109B9000030101F00041BDE80081F0BCBDE80041D7
:109BA00081EA030100F0EEB9F0BCBDE8004170B5F8
:109BB00000F09AF9097EFC3E00F007B881EA030143
:109BC0004FF0000001F00041704781EA030100F00E
:109BD000D9B9F0BCBDE800414FF000002149704701
:109BE000FFFDFBF9F7F5F4F2F0EEEDEBE9E8E6E462
:109BF000E3E1E0DEDDDBDAD8D7D5D4D3D1D0CFCDE9
:109C0000CCCBCAC8C7C6C5C4C2C1C0BFBEBDBCBB21
:109C1000BAB9B8B7B6B5B4B3B2B1B0AFAEADACAB1C
:109C2000AAA9A8A8A7A6A5A4A3A3A2A1A09F9F9EF6
:109C30009D9C9C9B9A9999989797969595949393A8
:109C4000929191908F8F8E8E8D8C8C8B8B8A89893F
:109C500088888787868585848483838282818180C2
:109C60000000FF070000F87F4FEA41034FEA53531B
:109C7000A3F58063D3F11E03C8BFD3F1210C0CDD23
:109C80004FF0004242EAC12242EA505232FA03FC4B
:109C90008CEAE17CACEBE1707047102BC4BF002074
:109CA000704703F5787CBCF1FF3F04D06FF00042B1
:109CB00082EA2100704770B500F016F949922480BD
:109CC00000207047F2E710F0004248BF4042B0FA6F
:109CD00080F310FA03F10AD0C3F11D0303F580638A
:109CE0004FEA415002EB035202EBD12170474FF093
:109CF00000007047B0FA80F310FA03F10AD0C3F104
:109D00001D0303F580634FEA41504FEA035202EB13
:109D1000D12170474FF000007047000051EA030C5A
:109D200017D41CF5801F58BFBCF5801F00F10680BA
:109D3000994218BF704708BF9042704707D711F586
:109D4000801F58BF13F5801F19D49942704789426C
:109D500070471CF5801F08D5BCF5801FF7D58B42D6
:109D600018BF704708BF824270474FF4001C1CEBBD
:109D7000410F38BF1CEB430F01D28B42704770B5C7
:109D800000F0B2F8922449004FF000514FF0805398
:109D9000FFF706BEDFF848C170B51CEA111E1EBFF2
:109DA0001CEA13159EEA0C0F95EA0C0F00F06F8069
:109DB00081EA030423EA4C134EEAD47E21EA4C11D3
:109DC00041F4801143F48013AE44A1FB024CA0FB8C
:109DD0000365AEF17F7E361955EB0C05A1FB034CF4
:109DE0004CF10003A0FB021C16EB0C06654153F17D
:109DF0000003094218BF46F0010613F4007F0BD19F
:109E00004FEA03314FEA0530340341EA155140EA85
:109E100016506FF003020AE04FEAC3214FEAC52053
:109E2000F40241EA555140EA56506FF0020202EB4B
:109E30002E4201EB025585EACE710AD05FEA440C4E
:109E400018BF24F0004450F1000041F1000120EA65
:109E5000D47040F2FE7C624500D270BDA84214BFAF
:109E60004FF080444FF04044002E08BF0024BEF164
:109E7000806FA8BFA1F1C041BDE8704080F2828030
:109E80004FF0000001F1C04101F0004170479EEA2F
:109E90000C0F0CEA131518BF95EA0C0F06D04FF003
:109EA000000081EA030E0EF0004170BD00F01CF8C6
:109EB0008900013E00F007B800F009B84FEA430CF2
:109EC0005FEA5C5C08D081EA030100F05BB84FEA0E
:109ED000410C5FEA5C5CF6D14FF00000014970472D
:109EE0000000FF070000F87F0EF1020E2EF0030EB7
:109EF0005EF8046B364205D4012A43EB030515F5E1
:109F0000001F12D8012841EB010C1CF5001F0CD8D2
:109F10000ED14FEAD17C15F5001F0CEB4C0C0CF167
:109F2000020C08BF4CEBD37C04E04FF0080C01E0BE
:109F30004FEAD37C0CEB4C0526FA05F606F0070633
:109F4000B6F1040C06D20EEB860CBDE870404CF066
:109F5000010C6047DFE80CF0090B02024FF00041F2
:109F60004FF00000A1F5002170BD194610460128F0
:109F700051EB010418BFD4F5001484BF002001F098
:109F8000004170BD0808A0F500114FEA310170478B
:109F900053EA010C17D41CF5801F58BFBCF5801F75
:109FA00000F106808B4218BF704708BF824270479D
:109FB00007D713F5801F58BF11F5801F19D48B42A6
:109FC00070479B4270471CF5801F08D5BCF5801F69
:109FD000F7D5994218BF704708BF904270474FF4B9
:109FE000001C1CEB430F38BF1CEB410F01D2994200
:109FF00070470FB40CBC03BCFFF7C1BE91EA030F5E
:10A0000010B581F000413FF523AC83F0004300F030
:10A01000D5B800002DE9F04101F5801CBCF5001F0A
:10A02000C0F2A9804FEA115C21EA0C510CF1FD0C41
:10A0300041F480115FEA5C0C0CF5C07C01D3400058
:10A04000494130A4890241EA905187028E0E0A0CE0
:10A05000A45D04FB04F602FB06F6C6F14046A4FB31
:10A060000662F60D46EA422606FB06F4A4FB01232F
:10A070005242C3F1404338BF5B1EA6FB024200249C
:10A08000E6FB0324D20B42EA4446A6FB0623A1FBCF
:10A0900002E2A3FB07E4E3FB61426442C2F1404EEB
:10A0A00038BFAEF1010EA6FB04234FF00002E6FB21
:10A0B0000E32A2FB03463400E2FB6264A1FB06E61B
:10A0C000A4FB07E8E4FB61687642C8F1405838BF5A
:10A0D000A8F10108A2FB06E4A3FB08E5E2FB685433
:10A0E000A1FB05E6A7FB04E8E1FB648618F1200567
:10A0F00056F10006A809A8F11B08B10908F03F08AD
:10A10000B8F10A0F40EA86601CD901EB0C51BDE89A
:10A11000F08100BFFCF5EEE8E2DDD8D3CFCBC7C3BA
:10A12000C0BDB9B6B4B1AEACA9A7A5A3A19F9D9B74
:10A130009A9896959392908F8D8C8B898887868537
:10A1400084838281A0FB006800FB01F208EB4208D7
:10A15000B8EB872807D5341858EB0104D5D5401C37
:10A1600051F10001D1E7341A78EB0104CDD4401E3F
:10A1700071F10001C9E75FEA4C0C5FEA9C5C0DD10C
:10A1800005D34FF0000001F00041BDE8F081BDE8CB
:10A19000F04170B5FFF7A8FE6DDBFFBEBDE8F041F2
:10A1A0004FF00000004970470000F87F10B591EAB9
:10A1B000030F48BF83F000433FF54AAB841A71EBAD
:10A1C000030C07D212198CF0004C43EB0C03001B5C
:10A1D00061EB0C01DFF8A4E14FEA1154A4EB135C2E
:10A1E0001EEA430F18BF9EEA445F00F0B08023EAE6
:10A1F0006E03524221EA0451C3EB6E0338BF5B1E6B
:10A20000DCF1200E25D322FA0CFE10EB0E0043FAEF
:10A210000CFE41EB0E01CCF1200E03FA0EFE10EB0A
:10A220000E0051F10001CCF1200E29D412FA0EF2E9
:10A2300001EB0451BDE8104058BF7047401C1CBFE3
:10A24000B2F1004F704700280CBF491C20F00100FC
:10A25000704712EB020E43EB030218BF4FF0010EE2
:10A260004EEA4202ACF1200CDCF11E0E54D943FA46
:10A270000CFE10EB0E0051F1FF31CCF11E0ED5D5C6
:10A280000EF1010E12FA0EFE404141EB010101EB0D
:10A29000445C5FEA5C5C10D910EBDE7001EB0451AA
:10A2A00038BFBEF1004FBDE8104018BF704700280E
:10A2B0000CBF491C20F00100704730D24FEAD42C6B
:10A2C00011F5001124F400641BD0B1FA81F20B3AAD
:10A2D000A41AA41ED2F12003914030FA03F31943CB
:10A2E000904001EBCC71002C01EB0451BDE8104013
:10A2F000A8BF704701F1C0414FF0000001F00041DC
:10A300007047B0FA80F310FA03F100D110BDE41ADF
:10A31000173C4805C90AE4E701EB045110BD491098
:10A3200001EB0451BDE810404FEA300002E04FF06D
:10A33000000170474A0008BF0042F8D0B2F5001F84
:10A3400028BF704701F000414FF0000070479EEABF
:10A35000445F07D011EA5E0FBDE8104004BF002142
:10A3600000207047BDE8104070B5FFF7BDFD00BF8D
:10A3700040DFF63E83F00041104670470000E0FFEA
:10A3800043004FEAD30C4FEA3C0C43401FBF400749
:10A390000CF1605113F0FE4F70471CF0006F03D1B9
:10A3A00000200CF0004170470CF0004343EA50706D
:10A3B00010B540EACC0000F00EF800BF000000929B
:10A3C0004FEA0001FFF7DEBD4FF000414FF0000003
:10A3D000A1F5002170470EF1020E2EF0030E5EF87B
:10A3E000044B244204D44FEA4102B2F17F4F11D80A
:10A3F0004FEA4003B3F17F4F0CD80ED14FEAD07C27
:10A40000B2F17F4F0CEB4C0C0CF1020C08BF4CEB83
:10A41000D17C04E04FF0080C01E04FEAD17C0CEB5A
:10A420004C0324FA03F404F00704B4F1040C06D23C
:10A430000EEB840CBDE810404CF0010C6047DFE8E7
:10A440000CF0070802024FF00040A0F5800010BD9C
:10A450000846420018BFD2F1807288BF00F0004069
:10A4600010BD4FF04070E1EE100A7047FF2141EA45
:10A47000D050C00570470CF00F03092B08BF08200F
:10A4800000F059800A2B0BD0082B18BF704708BF6B
:10A490001CF0400F0AD04FF000004FF00001704751
:10A4A0001CF0400F18BF4FF0004070471CF0100F19
:10A4B00008D020F0704300F07F4242EAD3014FEA17
:10A4C0004370704700F0604021F07F4242EA000292
:10A4D00001F07F4040EA727070474FF0FF0C4CF47F
:10A4E000E06C1CEA11531CBF9CEA030C9445C2BFEC
:10A4F000DA4201EB02517047002B0DD0BCF1000F86
:10A500000FD0002A01F00041A4BF41F0E04141F02A
:10A510007F614FF00000704701F000414FF00000F4
:10A52000704750EA01334FF09B0C18BF4CF0806C21
:10A530007FF42EAA70471CF4801F11D01CF4E02F6A
:10A5400003D06FEACC31490070474FF04050EFF331
:10A55000008222F0704242EA000282F300887047D3
:10A560004FF00000704700000000000000000000F5
:10A570000000000000003F4000000000000000005C
:10A580003000400030004000000009000BC03D00DA
:10A590000BC03D00090018C024407FE022403180FC
:10A5A0000000180024C01B000D8032400180038091
:10A5B0001C4027401C800740004010006000000045
:10A5C0000000000000000000000000001F8020408C
:10A5D00040200000402020401F80000000000900B3
:10A5E00006001F80060009000000040004003F80F0
:10A5F00004000400000000100060000000000000E3
:10A600000000040004000400040004000000000036
:10A6100000400000000000000000002001C0060013
:10A620003800400000001F802040204020401F8054
:10A630000000000010403FC000400000000018C0B3
:10A640002140224024401840000010802040244037
:10A6500024401B80000002000D0011003FC001409B
:10A6600000003C80244024402440238000001F80C0
:10A67000244024403440038000003000200027C0E4
:10A680003800200000001B802440244024401B8010
:10A6900000001C0022C0224022401F800000000059
:10A6A00000000840000000000000000000000460FE
:10A6B000000000000000000004000A0011002080DB
:10A6C00040400900090009000900090000000000DD
:10A6D0004040208011000A000400180020002340A0
:10A6E0002400180000001F802040274029401F4000
:10A6F0000000004007C039000F0001C000402040AA
:10A700003FC0244024401B8000001F802040204088
:10A7100020403080000020403FC0204020401F806B
:10A72000000020403FC024402E4030C000002040A8
:10A730003FC024402E00300000000F001080204059
:10A7400022403380020020403FC0040004003FC08C
:10A750002040204020403FC02040204000000060BA
:10A76000202020203FC02000200020403FC0244067
:10A770000B0030C0204020403FC02040004000403F
:10A7800000C03FC03C0003C03C003FC00000204070
:10A790003FC00C4023003FC020001F8020402040CD
:10A7A00020401F80000020403FC0244024001800AB
:10A7B00000001F802140214020E01FA00000204019
:10A7C0003FC02440260019C0004018C02440244047
:10A7D000224031800000300020403FC02040300047
:10A7E000000020003F80004000403F80200020000B
:10A7F0003E0001C0070038002000380007C03C00C0
:10A8000007C038000000204039C0060039C0204091
:10A8100000002000384007C03840200000003040D1
:10A8200021C02640384020C00000000000007FE02A
:10A83000402040200000000070000C000380004019
:10A8400000000000402040207FE0000000000000E9
:10A850002000400020000000000000100010001048
:10A860000010001000100000000040000000000078
:10A870000000000002800540054003C000402000A9
:10A880003FC00440044003800000000003800440F7
:10A8900004400640000000000380044024403FC004
:10A8A0000040000003800540054003400000000018
:10A8B00004401FC0244024402000000002E0055056
:10A8C00005500650042020403FC00440040003C04F
:10A8D00000400000044027C00040000000000010BD
:10A8E0000010041027E00000000020403FC001409D
:10A8F000070004C00440204020403FC0004000400A
:10A90000000007C0040007C0040003C000000440AA
:10A9100007C00440040003C000400000038004405E
:10A92000044003800000041007F00450044003803A
:10A930000000000003800440045007F000100440B1
:10A9400007C002400400040000000000064005406B
:10A95000054004C00000000004001F8004400040C7
:10A960000000040007800040044007C000400400CD
:10A97000070004C0018006000400060001C00700B3
:10A9800001C006000000044006C0010006C00440EB
:10A9900000000410071004E001800600040000001D
:10A9A000044005C006400440000000000000040010
:10A9B0007BE040200000000000000000FFF00000ED
:10A9C0000000000040207BE0040000000000400088
:10A9D0008000400020002000400000000000000037
:10A9E0000000000000000000000000000000000067
:10A9F0001FCC000C00000000000000000800300028
:10AA000060000800300060000000022003FC1E20EF
:10AA1000022003FC1E200220000000000E1811047A
:10AA20003FFF10840C78000000000F0010840F38E6
:10AA300000C0077818840078000000780F8410C4E4
:10AA400011240E9800E400840008080068007000DB
:10AA500000000000000000000000000000000000F6
:10AA600007E0181820044002000000004002200403
:10AA7000181807E0000000000000024002400180BA
:10AA80000FF0018002400240000000800080008042
:10AA90000FF800800080008000000001000D000E13
:10AAA00000000000000000000000000000800080A6
:10AAB000008000800080008000800000000C000CFE
:10AAC0000000000000000000000000000006001868
:10AAD00000600180060018002000000007F0080850
:10AAE00010041004080807F000000000080408041F
:10AAF0001FFC000400040000000000000E0C1014F5
:10AB00001024104411840E0C000000000C181004D6
:10AB10001104110412880C700000000000E00320F2
:10AB2000042408241FFC0024000000001F98108447
:10AB300011041104108810700000000007F008884C
:10AB40001104110418880070000000001C0010009F
:10AB500010FC13001C001000000000000E3811440F
:10AB60001084108411440E38000000000700088C87
:10AB700010441044088807F00000000000000000A6
:10AB8000030C030C000000000000000000000001A6
:10AB900001060000000000000000000000800140ED
:10ABA00002200410080810040000022002200220E5
:10ABB00002200220022002200000000010040808E9
:10ABC0000410022001400080000000000E0012006E
:10ABD000100C106C10800F00000003E00C1813E440
:10ABE000142417C4082807D000000004003C03C444
:10ABF0001C40074000E4001C000410041FFC11046A
:10AC0000110411040E880070000003E00C181004F9
:10AC10001004100410081C10000010041FFC100485
:10AC200010041004080807F0000010041FFC1104B1
:10AC3000110417C410040818000010041FFC1104AC
:10AC4000110017C010000800000003E00C181004E9
:10AC5000100410441C780040000010041FFC1084F5
:10AC60000080008010841FFC1004000010041004F9
:10AC70001FFC10041004000000000003000110017C
:10AC800010011FFE10001000000010041FFC110432
:10AC900003801464181C1004000010041FFC10042E
:10ACA000000400040004000C000010041FFC1F003E
:10ACB00000FC1F001FFC1004000010041FFC0C040B
:10ACC000030000E010181FFC100007F00808100433
:10ACD00010041004080807F0000010041FFC108482
:10ACE0001080108010800F00000007F0081810245A
:10ACF0001024101C080A07F2000010041FFC1104A5
:10AD0000110011C011300E0C000400000E1C1104C3
:10AD10001084108410441C38000018001000100427
:10AD20001FFC100410001800000010001FF8100491
:10AD30000004000410041FF8100010001E0011E0B1
:10AD4000001C007013801C0010001FC0103C00E0AD
:10AD50001F0000E0103C1FC000001004180C163447
:10AD600001C001C01634180C100410001C0013049C
:10AD700000FC13041C00100000000804101C1064E8
:10AD8000108413041C0410180000000000000000D0
:10AD90007FFE4002400240020000000030000C0034
:10ADA00003800060001C000300000000400240021D
:10ADB00040027FFE000000000000000000002000B4
:10ADC00040004000400020000000000100010001A0
:10ADD00000010001000100010001000040004000EE
:10ADE0002000000000000000000000000098012486
:10ADF00001440144014400FC000410001FFC0088D1
:10AE00000104010400880070000000000070008848
:10AE100001040104010400880000000000700088A3
:10AE20000104010411081FFC0004000000F80144A3
:10AE300001440144014400C8000000000104010471
:10AE40000FFC1104110411001800000000D60129A4
:10AE50000129012901C90106000010041FFC00841A
:10AE600001000100010400FC0004000001041904B9
:10AE700019FC0004000400000000000000030001B1
:10AE80000101190119FE0000000010041FFC00243C
:10AE9000004001B4010C0104000000001004100483
:10AEA0001FFC0004000400000000010401FC010478
:10AEB000010001FC0104010000FC010401FC00840C
:10AEC00001000100010400FC0004000000F801047E
:10AED00001040104010400F80000010101FF0085E4
:10AEE0000104010400880070000000000070008868
:10AEF00001040104010501FF00010104010401FC3A
:10AF000000840104010001800000000000CC012445
:10AF10000124012401240198000000000100010027
:10AF200007F80104010400000000010001F800041A
:10AF300000040004010801FC00040100018001700C
:10AF4000000C001001600180010001F0010C0030D4
:10AF500001C00030010C01F0010000000104018C6F
:10AF600000740170018C0104000001010181017174
:10AF7000000E001801600180010000000184010C36
:10AF8000013401440184010C0000000000000000B5
:10AF9000000001003EFC40024002000000000000F2
:10AFA0000000FFFF0000000000000000400240021F
:10AFB0003EFC010000000000000000006000800076
:10AFC00080004000400020002000404281FE000040
:10AFD0000121D2140814E2010000080808FF090446
:10AFE00019111197711111151900000000000000CE
:10AFF000FF000000008060000000404040404040F2
:10B000007F4040424140404040000106F8404040FF
:10B0100040FE40404241FE00000000007F444444A6
:10B02000447F444444447F000000000106F88080CF
:10B03000808080808080C00000000000001F101011
:10B040009070101010101F000000404281FE0000A0
:10B050000121D2140814E2010000080808FF0904C5
:10B06000191111977111111519008080FE848A64DD
:10B0700018E422A2A2FAA2A22200020CF7242401C0
:10B080002739082A2AFF2A3E08004080FE0808FCCB
:10B090000106F89090FC9291FE002021273A22238D
:10B0A000040817E424272C340700000000FC0912D0
:10B0B0000418E000E018040201000202423300001C
:10B0C000000000FF0000000000000001020CF00082
:10B0D00000000000FF0000000000014141417F41ED
:10B0E000414141417F41414101000244A81068842F
:10B0F00000007F424242427F000008080FF8080F1C
:10B100000002071AE2020A060300000000FF2222E2
:10B110002222222222FF000000000000001F113125
:10B1200051911111111F0000000020C000FF00828A
:10B13000221A8272061AE202020008080BFF090AAC
:10B14000040A32C2320A040202000102040830C0BA
:10B150000000FC020202020E0000000242424243D2
:10B160007E4243424242020200004241FE8222A449
:10B17000A8B0A07FB0A8A4A222000808FF08090771
:10B18000F49497909794F4070000800000FF00006B
:10B190000000FF101010101000000001061FE00258
:10B1A0000CF01F11111111101000106080FF806051
:10B1B00081010202E40830C000002424257FC44439
:10B1C00000031C00FF0010080600020418E0007FC6
:10B1D0004242424242427F0000000000003F2424DD
:10B1E0002424444444C444040400000204F8040237
:10B1F000FA1222028242A21A020002024233000024
:10B20000FF9292939292FE010000003E020202021F
:10B2100002FE02020202023F000000003E020202A1
:10B2200002FF020202023F000000020202FE0202CE
:10B2300002FE0202020202020200004040434040BD
:10B24000407F4141414141400000408000FF028277
:10B25000828282FE828282820200101011131C30D0
:10B26000D0101017101010101000000000FF222244
:10B270002222222222FF000000000000001F1131C4
:10B2800051911111111F0000000020C000FF008229
:10B29000221A8272061AE202020008080BFF090A4B
:10B2A000040A32C2320A0402020000001A1C000022
:10B2B000000000000000000000000000000000008E
:10B2C00000000000000000000000106080FF8060AF
:10B2D00081010202E40830C000002424257FC44418
:10B2E00000031C00FF0010080600020418E0007FA5
:10B2F0004242424242427F0000000000003F2424BC
:10B300002424444444C444040400008181828CF019
:10B31000808080FE8181818F0000083020242424D9
:10B32000A46424242424202830000106F800080402
:10B33000F8010284681864821F0000001F111111B7
:10B34000111010FF109050131000101810FF202043
:10B3500000FF4242FE4242FF0000131DF11711118F
:10B36000000F0808FF08080F00000106F8909090F1
:10B3700090FE90909291FE00000004081724E424AF
:10B380002427242C340407000000000204F80412CF
:10B39000224282FA8242221202000202423300203A
:10B3A0002F2929FF29292F200000020CF101213229
:10B3B000AAA4A4A4AA320101010000003F2424246D
:10B3C0003FA464243F2424242000000000FF222204
:10B3D0002222222222FF000000000000001F113163
:10B3E00051911111111F0000000020C000FF0082C8
:10B3F000221A8272061AE202020008080BFF090AEA
:10B40000040A32C2320A04020200008181828CF0F6
:10B41000808080FE8181818F0000083020242424D8
:10B42000A46424242424202830000106F800080401
:10B43000F8010284681864821F0000001F111111B6
:10B44000111010FF1090501310008080FE848800AF
:10B45000FF9292929292FF000000020CF7242612B3
:10B4600012FE121212FE121202000000FE04292126
:10B47000222428F028242221210002423300000146
:10B4800079494949494979010000800000FF0000DD
:10B49000000000C0300804021F000001061FE00485
:10B4A0000404FE050888680808004080FE0808FCBF
:10B4B0000010101010121102FC002021273A222344
:10B4C00000404F4141417F0101000000F810101081
:10B4D00010FE11111111F9010F0000001F111111BF
:10B4E00011FF111111111F0000000106F8020202E4
:10B4F0000202FE0202221A02020000007F404141C5
:10B5000041415F41414141414000000204F80402D1
:10B51000028202120AF20202020002024233001008
:10B520001211101010FF10101000800000FF00001A
:10B53000FF02040082710C021F000001061FE000E0
:10B540003F2121217F41C14101000000FF00018115
:10B55000A29488F482828181010001061FE02027E5
:10B56000242424FF24242427200000FF48484A499B
:10B57000FE00007E11112141070010335292125239
:10B58000331800FE1111214107000001020CF000E8
:10B5900000000000FF0000000000014141417F4128
:10B5A000414141417F414141010081818282848842
:10B5B000B0C0B08884828281810000000888680859
:10B5C000080F080828C8080000008181828284884A
:10B5D000B0C0B08884828281810000000888680839
:10B5E000080F080828C80800000000FF00102040CD
:10B5F0008804F800000201FE0000001F804404449B
:10B6000044455F444444407F00001018122122FC4E
:10B6100000FE0A126282621A0200405F41417F010D
:10B62000007F4048464146584000083CC808281D55
:10B63000020C7080020102FC00000222232222225E
:10B64000020808FF0808080F000044E6444848487C
:10B65000020204C8302844821F00040C35C60418B6
:10B66000010909FF099252120200020CF1010202C3
:10B67000C428102844820201010000003F2424272E
:10B680002424444444C546000000202241FE804159
:10B6900041526AC4444A72414000080808FF080A3F
:10B6A000222AA66322262A2202001018122122FC36
:10B6B00000FE0A126282621A0200405F41417F016D
:10B6C000007F4048464146584000083CC808281DB5
:10B6D000020C7080020102FC0000022223222222BE
:10B6E000020808FF0808080F0000202241FE800021
:10B6F00001F1020CF00804F30000080808FF080933
:10B7000000037A4A4A4A7A030000101810E0202801
:10B7100010204080FF0000C03000040404FF040437
:10B720002020202127382120200044E644484A1CBC
:10B73000E0FF90FE90FC91FF0000040C35C60C0069
:10B740003F24A4642424243C00004080FE0808FC1C
:10B750000010101010121102FC002021273A2223A1
:10B7600000404F4141417F01010010102F294949FC
:10B770008F00804F4929291F10000101794949494B
:10B78000790701794D4B49790100202241FE800063
:10B7900001F1020CF00804F30000080808FF080992
:10B7A00000037A4A4A4A7A030000101810E0202861
:10B7B00010204080FF0000C03000040404FF040497
:10B7C000202020212738212020000000F810101010
:10B7D00010FE11111111F9010F0000001F111111BC
:10B7E00011FF111111111F00000020207E820CF0AA
:10B7F00004C89281FE8090C8040008064031007F92
:10B80000404F4A5A6A4A4A4F400008102040800080
:10B8100000FF0000008040300000004040404041F8
:10B82000424F7042414040400000106080FF00C124
:10B83000062026312D2123E806002424257FC54437
:10B84000102949C94959690F00000102047804020E
:10B8500002FE22222222220202000830222222227A
:10B86000A263222222222228300020207E80027E13
:10B8700042427E427E42427E020008064031000083
:10B880007F49494949497F000000020CF1012132FA
:10B89000AAA4A4A4AA320101010000003F24242488
:10B8A0003FA464243F2424242000000204F804025E
:10B8B000028202120AF20202020002024233001065
:10B8C0001211101010FF10101000007F40405E5247
:10B8D000525252525E40417F0000202020202F29EA
:10B8E000A96929292F20202020000000F81010101D
:10B8F00010FE11111111F9010F0000001F1111119B
:10B9000011FF111111111F00000020C000FF00C124
:10B9100006F8000000FC02021E0008080BFF0908E0
:10B92000007F4040407F0000000044E64448484813
:10B93000020204C8302844821F00040C35C60418D3
:10B94000010909FF099252120200202241FE8041A2
:10B9500041526AC4444A72414000080808FF080A7C
:10B96000222AA66322262A2202008080FE848800E2
:10B97000FF9292929292FF000000020CF72426128E
:10B9800012FE121212FE121202001020C00000025B
:10B9900001FE0000000000807000000000070000B1
:10B9A00000FF000000040201000010109090909031
:10B9B00090FF9090909090101000001011121418A9
:10B9C000F0171010101010100000020202FE020208
:10B9D00002FE020202020202020000404043404016
:10B9E000407F414141414140000000007C404040D7
:10B9F00040FF4040484478000000041810573515B7
:10BA000015F515153557101418000000000000003A
:10BA10004FBB610567ACDD3F182D4454FB21E93F66
:10BA20009BF681D20B73EF3F182D4454FB21F93F55
:10BA3000E2652F227F2B7A3C075C143326A6813CDB
:10BA4000BDCBF07A8807703C075C143326A6913C86
:10BA5000C4EB98999999C9BF711623FEC671BCBFF2
:10BA60006D9A74AFF2B0B3BF9AFDDE522DDEADBF5A
:10BA70002F6C6A2C44B4A2BF0D5555555555D53F72
:10BA8000FF8300922449C23F6E204CC5CD45B73F8D
:10BA9000513DD0A0660DB13FEB0D76244B7BA93F05
:10BAA00011DA22E33AAD903F000000000000F03FC1
:10BAB000000000000000F83F00000000000000004F
:10BAC0000000004003B8E23F00000000000000005A
:10BAD00006D0CF43EBFD4C3E033333333333E33FE8
:10BAE000FFAB6FDBB66DDB3F4D268F515555D53F14
:10BAF00001411DA96074D13F65DBC9934A86CD3FE2
:10BB0000EF4E454A287ECA3F3E5555555555C53FCF
:10BB100093BDBE166CC166BF2CDE25AF6A56113FC1
:10BB2000F16BD2C541BDBBBED0A4BE726937663EC3
:10BB3000000000000000000000004054FB21F93F1D
:10BB40003163621A61B4D03D0000601A61B4D03D27
:10BB50007370032E8A19A33B0000002E8A19A33BA1
:10BB6000C14920259A837B390000000000000000B5
:10BB70006E83F9A22915444ED15727FCC0DD34F558
:10BB8000999562DB4190433CAB6351FE61C5BBDEDE
:10BB90003A6E24B7E0D24D42EA2E49061C92D109F2
:10BBA0001CEB1DFE3EA729B1F53582E88444BB2E6F
:10BBB00026709CE9417E5FB439D69139F4395383BC
:10BBC0008B5F849C3B28F9BDFF97F81F0F9805DE1B
:10BBD0008B112FEF1F6D0A5ACF7E366DB709CB2719
:10BBE000663F464F2DEA5F9EC7BA27757BF1E5EBAE
:10BBF000F739073DEA92528AB15FFB6B085D8D1FF2
:10BC00007AFE10111111C13F37D60684F464963FB5
:10BC1000280356C9226D6D3F0165F2F2D844433FB7
:10BC2000A69237A0887E143F735360DBCB75F3BEBA
:10BC3000FE41B31BBAA1AB3F93846EE9E326823F7A
:10BC40001583E0FEC8DB573F68108D1AF726303F9A
:10BC5000E9A7F0320FB8123FD47ABF74702AFB3EC6
:10BC600080BC0008000000202C020000C401000875
:10BC7000DCBC00082C0200206C5F000020020008E1
:10BC800051847A030A78090102030406070809109F
:10BC900001135AF4156B014224120212031204120A
:10BCA000051206120712081209120A120B120C12C0
:10BCB0000D120E120F0215100B1CDC0504012C29AD
:10BCC000B4E9B8014C1AAA01091B805123FA435A5E
:0CBCD00096040156024364023B19000078
:040000050800018965
:00000001FF
